2017-03-09 01:41:58.000000000 +0000,34,1489023718752,0.516,-0.728,-0.665,-2.014,2.991,-9.583,90.236,43.752,-133.427,1
2017-03-09 01:41:58.000000000 +0000,34,1489023717125,0.366,-0.673,-0.536,15.564,-0.305,10.925,91.284,41.995,-133.09,1
2017-03-09 01:41:58.000000000 +0000,34,1489023718345,0.42,-0.66,-0.579,1.709,-0.427,-0.122,91.807,43.225,-134.945,1
2017-03-09 01:41:58.000000000 +0000,34,1489023717329,0.421,-0.702,-0.58,-3.906,1.404,-7.69,92.156,43.576,-133.596,1
2017-03-09 01:41:58.000000000 +0000,34,1489023717718,0.514,-0.685,-0.611,3.601,-2.38,5.188,91.458,41.819,-135.957,1
2017-03-09 01:41:58.000000000 +0000,34,1489023716922,0.42,-0.676,-0.592,5.737,-4.395,9.338,90.76,40.765,-135.957,1
2017-03-09 01:41:58.000000000 +0000,34,1489023717735,0.384,-0.648,-0.545,-11.292,0.366,-12.268,0.0,0.0,0.0,1
2017-03-09 01:41:58.000000000 +0000,34,1489023717532,0.493,-0.72,-0.624,-5.188,3.906,-9.583,91.458,44.279,-132.921,1
2017-03-09 01:41:58.000000000 +0000,34,1489023718142,0.414,-0.637,-0.558,-1.16,-1.831,-1.404,91.284,41.292,-135.788,1
2017-03-09 01:41:58.000000000 +0000,34,1489023717938,0.44,-0.658,-0.576,-4.822,0.671,-7.507,90.934,41.995,-133.09,1
2017-03-09 01:41:56.000000000 +0000,34,1489023717134,0.443,-0.68,-0.554,3.174,-5.127,8.362,93.553,43.927,-134.27,1
2017-03-09 01:41:56.000000000 +0000,34,1489023716100,0.423,-0.632,-0.576,3.54,1.16,-0.793,91.458,42.17,-136.969,1
2017-03-09 01:41:56.000000000 +0000,34,1489023716524,0.407,-0.644,-0.581,-2.38,0.916,-4.883,91.633,41.292,-136.463,1
2017-03-09 01:41:56.000000000 +0000,34,1489023716304,0.42,-0.65,-0.561,4.822,-2.38,4.761,91.284,41.995,-134.776,1
2017-03-09 01:41:56.000000000 +0000,34,1489023715913,0.46,-0.707,-0.602,-12.085,1.526,-15.137,91.982,44.806,-134.776,1
2017-03-09 01:41:56.000000000 +0000,34,1489023716728,0.416,-0.649,-0.556,5.92,0.122,1.892,92.505,41.116,-136.632,1
2017-03-09 01:41:56.000000000 +0000,34,1489023716321,0.448,-0.661,-0.584,-8.24,0.183,-7.446,92.505,42.873,-135.957,1
2017-03-09 01:41:56.000000000 +0000,34,1489023715710,0.492,-0.725,-0.617,0.61,1.343,-2.869,0.0,0.0,0.0,1
2017-03-09 01:41:56.000000000 +0000,34,1489023715507,0.443,-0.684,-0.616,13.184,0.0,9.155,92.331,43.049,-134.102,1
2017-03-09 01:41:56.000000000 +0000,34,1489023716117,0.5,-0.719,-0.627,-9.216,1.892,-11.841,91.458,43.927,-134.608,1
2017-03-09 01:41:55.000000000 +0000,34,1489023714071,0.488,-0.656,-0.6,4.15,1.648,-0.488,91.458,40.413,-136.632,1
2017-03-09 01:41:55.000000000 +0000,34,1489023714088,0.417,-0.65,-0.574,-13.489,-1.282,-11.841,91.284,40.589,-134.439,1
2017-03-09 01:41:55.000000000 +0000,34,1489023715511,0.47,-0.71,-0.612,3.052,1.77,-2.258,93.029,43.752,-134.102,1
2017-03-09 01:41:55.000000000 +0000,34,1489023713867,0.442,-0.646,-0.623,1.953,0.427,-0.916,90.585,39.535,-136.801,1
2017-03-09 01:41:55.000000000 +0000,34,1489023714275,0.47,-0.67,-0.612,1.099,-1.953,1.831,90.585,41.995,-137.138,1
2017-03-09 01:41:55.000000000 +0000,34,1489023713460,0.449,-0.622,-0.579,6.348,2.075,0.671,90.585,38.129,-137.475,1
2017-03-09 01:41:55.000000000 +0000,34,1489023713664,0.478,-0.645,-0.593,-1.648,-3.723,1.587,91.458,39.359,-137.644,1
2017-03-09 01:41:55.000000000 +0000,34,1489023714884,0.483,-0.698,-0.608,-5.92,2.869,-10.193,91.458,42.522,-133.258,1
2017-03-09 01:41:55.000000000 +0000,34,1489023714681,0.466,-0.706,-0.62,-6.104,0.0,-6.592,93.029,42.346,-136.126,1
2017-03-09 01:41:55.000000000 +0000,34,1489023714477,0.438,-0.677,-0.573,15.564,0.61,9.888,0.0,0.0,0.0,1
2017-03-09 01:41:53.000000000 +0000,34,1489023711850,0.395,-0.69,-0.539,15.381,-0.732,13.062,92.505,41.467,-134.27,1
2017-03-09 01:41:53.000000000 +0000,34,1489023711646,0.424,-0.676,-0.58,3.113,-1.831,3.113,91.109,42.522,-134.945,1
2017-03-09 01:41:53.000000000 +0000,34,1489023712459,0.468,-0.694,-0.594,-13.611,-0.183,-12.634,0.0,0.0,0.0,1
2017-03-09 01:41:53.000000000 +0000,34,1489023711239,0.46,-0.676,-0.599,0.61,1.709,-3.357,0.0,0.0,0.0,1
2017-03-09 01:41:53.000000000 +0000,34,1489023712257,0.493,-0.746,-0.621,-3.235,3.662,-8.972,92.331,43.049,-133.09,1
2017-03-09 01:41:53.000000000 +0000,34,1489023712901,0.514,-0.703,-0.677,4.333,3.723,-3.784,92.331,40.238,-134.776,1
2017-03-09 01:41:53.000000000 +0000,34,1489023711037,0.458,-0.686,-0.602,-3.296,-0.122,-4.333,91.284,43.049,-133.764,1
2017-03-09 01:41:53.000000000 +0000,34,1489023711443,0.474,-0.68,-0.593,0.793,-0.732,0.427,92.156,42.522,-135.62,1
2017-03-09 01:41:53.000000000 +0000,34,1489023711663,0.421,-0.655,-0.579,-4.883,1.16,-7.141,91.807,43.225,-134.945,1
2017-03-09 01:41:53.000000000 +0000,34,1489023712053,0.43,-0.72,-0.584,-2.38,-0.854,-3.723,93.029,44.806,-131.74,1
2017-03-09 01:41:50.000000000 +0000,34,1489023710003,0.425,-0.687,-0.574,4.7,-2.686,5.554,0.0,0.0,0.0,1
2017-03-09 01:41:50.000000000 +0000,34,1489023709190,0.454,-0.687,-0.598,1.221,-1.526,0.854,92.156,43.576,-134.608,1
2017-03-09 01:41:50.000000000 +0000,34,1489023709597,0.438,-0.679,-0.579,1.221,0.244,-1.16,91.284,41.995,-134.439,1
2017-03-09 01:41:50.000000000 +0000,34,1489023709394,0.44,-0.684,-0.592,0.793,0.488,-1.587,91.807,43.927,-135.282,1
2017-03-09 01:41:50.000000000 +0000,34,1489023709801,0.444,-0.683,-0.582,2.075,-0.549,0.977,92.505,42.873,-133.258,1
2017-03-09 01:41:50.000000000 +0000,34,1489023709207,0.38,-0.696,-0.552,7.324,-0.427,3.479,91.458,44.982,-133.258,1
2017-03-09 01:41:50.000000000 +0000,34,1489023709411,0.42,-0.712,-0.59,-7.019,3.296,-11.963,92.156,44.63,-133.258,1
2017-03-09 01:41:50.000000000 +0000,34,1489023710451,0.41,-0.678,-0.533,5.798,-2.38,6.226,91.284,42.697,-134.102,1
2017-03-09 01:41:50.000000000 +0000,34,1489023709614,0.472,-0.715,-0.59,-4.761,3.052,-10.376,91.458,45.333,-133.933,1
2017-03-09 01:41:50.000000000 +0000,34,1489023709817,0.452,-0.691,-0.581,-7.568,-1.77,-5.493,90.934,43.049,-134.439,1
2017-03-09 01:41:48.000000000 +0000,34,1489023708159,0.446,-0.661,-0.603,0.732,-2.319,1.343,90.062,41.467,-136.632,1
2017-03-09 01:41:48.000000000 +0000,34,1489023707142,0.439,-0.668,-0.584,-14.343,2.38,-18.066,91.633,41.643,-134.102,1
2017-03-09 01:41:48.000000000 +0000,34,1489023707955,0.458,-0.648,-0.572,-0.122,-1.587,0.488,91.284,40.94,-135.788,1
2017-03-09 01:41:48.000000000 +0000,34,1489023706735,0.464,-0.727,-0.59,-2.014,0.244,-4.333,92.505,43.927,-132.584,1
2017-03-09 01:41:48.000000000 +0000,34,1489023706938,0.474,-0.709,-0.622,-14.099,2.38,-16.235,91.458,45.333,-131.909,1
2017-03-09 01:41:48.000000000 +0000,34,1489023707549,0.484,-0.679,-0.619,-2.319,-2.136,-0.183,91.284,40.94,-135.788,1
2017-03-09 01:41:48.000000000 +0000,34,1489023708362,0.452,-0.668,-0.591,3.479,0.916,0.305,92.331,40.589,-135.788,1
2017-03-09 01:41:48.000000000 +0000,34,1489023707752,0.463,-0.674,-0.602,1.77,1.282,-2.014,0.0,0.0,0.0,1
2017-03-09 01:41:48.000000000 +0000,34,1489023707345,0.476,-0.659,-0.592,1.831,0.122,-0.122,91.982,40.94,-136.126,1
2017-03-09 01:41:48.000000000 +0000,34,1489023708583,0.424,-0.665,-0.555,-1.526,0.916,-4.028,91.284,42.697,-134.102,1
2017-03-09 01:41:46.000000000 +0000,34,1489023705286,0.499,-0.737,-0.535,-14.099,-0.427,-10.315,91.982,47.266,-129.716,1
2017-03-09 01:41:46.000000000 +0000,34,1489023705470,0.288,-0.801,-0.506,-25.757,8.484,-38.574,92.854,53.767,-124.487,1
2017-03-09 01:41:46.000000000 +0000,34,1489023706081,0.426,-0.781,-0.619,-2.014,8.911,-18.005,0.0,0.0,0.0,1
2017-03-09 01:41:46.000000000 +0000,34,1489023705492,0.365,-0.692,-0.589,-15.503,-4.089,-7.996,93.378,45.86,-131.403,1
2017-03-09 01:41:46.000000000 +0000,34,1489023705673,0.419,-0.778,-0.496,-3.296,3.479,-12.268,93.029,50.78,-127.692,1
2017-03-09 01:41:46.000000000 +0000,34,1489023707135,0.485,-0.654,-0.612,1.526,-3.174,4.089,91.109,39.359,-137.644,1
2017-03-09 01:41:46.000000000 +0000,34,1489023705877,0.401,-0.783,-0.567,-15.503,-4.639,-5.493,92.156,49.55,-129.547,1
2017-03-09 01:41:46.000000000 +0000,34,1489023705063,0.351,-0.732,-0.469,-5.31,-8.057,6.714,91.982,50.429,-130.053,1
2017-03-09 01:41:46.000000000 +0000,34,1489023705698,0.457,-0.688,-0.604,-5.798,9.644,-19.958,91.633,41.643,-133.427,1
2017-03-09 01:41:46.000000000 +0000,34,1489023705266,0.172,-0.77,-0.434,49.072,-8.362,56.335,92.68,49.374,-130.053,1
2017-03-09 01:41:44.000000000 +0000,34,1489023704256,0.414,-0.775,-0.577,2.93,5.92,-9.277,92.68,48.32,-127.692,1
2017-03-09 01:41:44.000000000 +0000,34,1489023703646,0.354,-0.824,-0.603,-16.113,3.601,-23.682,92.505,52.361,-126.511,1
2017-03-09 01:41:44.000000000 +0000,34,1489023704476,0.289,-0.742,-0.426,17.883,-9.705,26.672,93.203,48.847,-128.198,1
2017-03-09 01:41:44.000000000 +0000,34,1489023703867,0.309,-0.729,-0.421,-1.648,-1.038,-0.977,91.807,51.307,-128.873,1
2017-03-09 01:41:44.000000000 +0000,34,1489023703850,0.477,-0.8,-0.522,-2.441,3.662,-7.996,93.727,49.726,-129.716,1
2017-03-09 01:41:44.000000000 +0000,34,1489023704052,0.37,-0.773,-0.563,-10.132,-4.7,-2.747,0.0,0.0,0.0,1
2017-03-09 01:41:44.000000000 +0000,34,1489023704663,0.603,-0.91,-0.783,3.601,-0.366,-3.906,91.633,51.132,-128.704,1
2017-03-09 01:41:44.000000000 +0000,34,1489023704273,0.282,-0.722,-0.476,-1.465,5.432,-13.062,0.0,0.0,0.0,1
2017-03-09 01:41:44.000000000 +0000,34,1489023704459,0.315,-0.71,-0.424,5.31,-8.362,14.832,92.156,48.496,-128.873,1
2017-03-09 01:41:44.000000000 +0000,34,1489023704071,0.274,-0.743,-0.506,-6.592,-2.93,-3.845,93.378,50.077,-128.029,1
2017-03-09 01:41:43.000000000 +0000,34,1489023702640,0.167,-0.711,-0.362,21.057,-6.836,23.682,92.68,49.374,-128.366,1
2017-03-09 01:41:43.000000000 +0000,34,1489023702437,0.338,-0.74,-0.5,3.418,-2.441,5.005,91.807,47.793,-130.222,1
2017-03-09 01:41:43.000000000 +0000,34,1489023703047,0.452,-0.804,-0.538,-8.24,4.333,-14.648,92.854,49.55,-127.186,1
2017-03-09 01:41:43.000000000 +0000,34,1489023702030,0.405,-0.777,-0.558,-5.432,3.601,-10.864,0.0,0.0,0.0,1
2017-03-09 01:41:43.000000000 +0000,34,1489023702233,0.422,-0.776,-0.553,-4.15,-0.183,-3.357,92.505,49.55,-127.186,1
2017-03-09 01:41:43.000000000 +0000,34,1489023701420,0.388,-0.774,-0.553,13.306,-2.441,12.817,94.425,49.726,-129.041,1
2017-03-09 01:41:43.000000000 +0000,34,1489023701624,0.403,-0.802,-0.539,0.916,-1.343,-0.793,92.156,50.956,-126.511,1
2017-03-09 01:41:43.000000000 +0000,34,1489023702844,0.336,-0.797,-0.533,-11.719,3.052,-18.372,93.203,51.659,-125.499,1
2017-03-09 01:41:43.000000000 +0000,34,1489023703064,0.237,-0.708,-0.409,-8.24,-0.183,-7.751,94.6,51.307,-127.186,1
2017-03-09 01:41:43.000000000 +0000,34,1489023701827,0.368,-0.784,-0.539,-7.202,1.465,-9.644,93.203,51.659,-127.186,1
2017-03-09 01:41:41.000000000 +0000,34,1489023699565,0.578,-0.852,-0.704,6.714,1.16,5.188,92.505,48.496,-130.559,1
2017-03-09 01:41:41.000000000 +0000,34,1489023699768,0.402,-0.791,-0.553,-4.7,-1.099,-4.456,92.68,50.429,-127.354,1
2017-03-09 01:41:41.000000000 +0000,34,1489023700582,0.349,-0.743,-0.504,10.986,-0.916,7.568,92.68,47.266,-129.716,1
2017-03-09 01:41:41.000000000 +0000,34,1489023700379,0.339,-0.73,-0.506,-4.456,-0.793,-4.761,93.727,48.32,-129.379,1
2017-03-09 01:41:41.000000000 +0000,34,1489023701835,0.355,-0.748,-0.509,-0.488,4.639,-9.583,92.68,47.266,-128.366,1
2017-03-09 01:41:41.000000000 +0000,34,1489023700175,0.382,-0.741,-0.507,-4.517,0.488,-6.226,92.68,47.969,-130.053,1
2017-03-09 01:41:41.000000000 +0000,34,1489023699988,0.462,-0.785,-0.583,-10.803,3.723,-14.465,92.156,49.902,-128.535,1
2017-03-09 01:41:41.000000000 +0000,34,1489023700785,0.478,-0.821,-0.619,-2.808,2.258,-6.836,0.0,0.0,0.0,1
2017-03-09 01:41:41.000000000 +0000,34,1489023699972,0.381,-0.767,-0.539,-4.15,1.465,-8.545,92.505,49.199,-128.535,1
2017-03-09 01:41:41.000000000 +0000,34,1489023700192,0.356,-0.728,-0.526,-5.005,-1.16,-3.906,93.378,46.563,-129.716,1
2017-03-09 01:41:39.000000000 +0000,34,1489023697736,0.349,-0.755,-0.587,-5.066,1.404,-8.118,94.076,49.726,-130.391,1
2017-03-09 01:41:39.000000000 +0000,34,1489023698752,0.375,-0.765,-0.549,-17.761,-7.874,-3.723,91.807,49.55,-128.535,1
2017-03-09 01:41:39.000000000 +0000,34,1489023698143,0.342,-0.708,-0.496,-2.93,-7.751,7.69,92.854,45.333,-130.559,1
2017-03-09 01:41:39.000000000 +0000,34,1489023699159,0.463,-0.752,-0.495,-2.075,0.488,-4.578,92.854,47.09,-128.873,1
2017-03-09 01:41:39.000000000 +0000,34,1489023698956,0.339,-0.751,-0.573,1.831,8.118,-13.306,93.203,47.793,-130.222,1
2017-03-09 01:41:39.000000000 +0000,34,1489023698346,0.333,-0.733,-0.562,8.972,3.174,-0.183,93.029,46.914,-130.391,1
2017-03-09 01:41:39.000000000 +0000,34,1489023698973,0.357,-0.772,-0.546,-7.874,-0.916,-6.958,93.029,49.726,-128.029,1
2017-03-09 01:41:39.000000000 +0000,34,1489023697939,0.42,-0.729,-0.515,1.648,4.395,-7.751,92.331,46.914,-131.403,1
2017-03-09 01:41:39.000000000 +0000,34,1489023698549,0.534,-0.813,-0.578,12.695,3.906,1.892,0.0,0.0,0.0,1
2017-03-09 01:41:39.000000000 +0000,34,1489023697532,0.504,-0.792,-0.578,-8.911,-4.395,1.343,92.331,50.78,-127.692,1
2017-03-09 01:41:37.000000000 +0000,34,1489023696895,0.43,-0.758,-0.639,7.019,0.61,-3.174,92.331,47.969,-129.041,1
2017-03-09 01:41:37.000000000 +0000,34,1489023696284,0.424,-0.721,-0.607,-1.648,-1.465,-1.16,91.807,46.387,-132.246,1
2017-03-09 01:41:37.000000000 +0000,34,1489023695877,0.415,-0.711,-0.549,-3.479,4.761,-13.123,93.203,45.333,-129.547,1
2017-03-09 01:41:37.000000000 +0000,34,1489023696691,0.378,-0.702,-0.502,8.667,-6.226,13.855,92.854,45.333,-132.246,1
2017-03-09 01:41:37.000000000 +0000,34,1489023696504,0.38,-0.703,-0.54,-2.869,5.493,-12.024,93.203,46.387,-131.234,1
2017-03-09 01:41:37.000000000 +0000,34,1489023696081,0.474,-0.722,-0.571,-4.883,-3.174,-1.77,92.331,44.806,-130.391,1
2017-03-09 01:41:37.000000000 +0000,34,1489023696488,0.449,-0.728,-0.587,3.479,4.211,-4.517,91.982,45.157,-132.752,1
2017-03-09 01:41:37.000000000 +0000,34,1489023696301,0.402,-0.738,-0.58,-8.057,-2.991,-3.54,0.0,0.0,0.0,1
2017-03-09 01:41:37.000000000 +0000,34,1489023696098,0.494,-0.774,-0.554,-4.456,1.282,-6.409,92.331,45.86,-131.065,1
2017-03-09 01:41:37.000000000 +0000,34,1489023697928,0.347,-0.734,-0.603,-5.31,-2.441,-3.235,93.553,46.036,-132.246,1
2017-03-09 01:41:35.000000000 +0000,34,1489023694072,0.452,-0.672,-0.513,0.061,-4.395,4.089,92.68,44.806,-134.776,1
2017-03-09 01:41:35.000000000 +0000,34,1489023694478,0.445,-0.703,-0.571,3.052,3.662,-5.005,91.982,43.4,-133.764,1
2017-03-09 01:41:35.000000000 +0000,34,1489023694885,0.393,-0.71,-0.597,1.343,-0.854,0.61,93.029,43.4,-131.74,1
2017-03-09 01:41:35.000000000 +0000,34,1489023695105,0.431,-0.708,-0.568,-0.671,0.122,-2.197,92.68,44.455,-132.752,1
2017-03-09 01:41:35.000000000 +0000,34,1489023693868,0.457,-0.724,-0.619,-3.784,6.226,-13.977,91.807,43.225,-133.258,1
2017-03-09 01:41:35.000000000 +0000,34,1489023695292,0.437,-0.728,-0.565,-0.977,-4.578,2.869,92.854,45.685,-132.921,1
2017-03-09 01:41:35.000000000 +0000,34,1489023694681,0.464,-0.717,-0.558,-2.014,-4.272,2.563,91.807,44.279,-133.258,1
2017-03-09 01:41:35.000000000 +0000,34,1489023695088,0.428,-0.708,-0.54,6.165,2.808,-1.587,92.331,43.752,-132.415,1
2017-03-09 01:41:35.000000000 +0000,34,1489023694274,0.41,-0.711,-0.607,1.465,-2.441,2.686,0.0,0.0,0.0,1
2017-03-09 01:41:35.000000000 +0000,34,1489023693665,0.395,-0.691,-0.547,-7.507,-3.723,-3.052,91.109,44.63,-132.921,1
2017-03-09 01:41:33.000000000 +0000,34,1489023693074,0.439,-0.68,-0.577,-2.014,-1.831,-0.488,91.982,42.697,-134.439,1
2017-03-09 01:41:33.000000000 +0000,34,1489023692837,0.367,-0.735,-0.591,-5.92,-1.404,-4.211,94.949,44.63,-130.222,1
2017-03-09 01:41:33.000000000 +0000,34,1489023692430,0.547,-0.788,-0.706,13.794,9.888,-4.15,92.331,45.86,-130.728,1
2017-03-09 01:41:33.000000000 +0000,34,1489023692039,0.434,-0.71,-0.523,0.366,5.859,-10.437,0.0,0.0,0.0,1
2017-03-09 01:41:33.000000000 +0000,34,1489023692023,0.399,-0.667,-0.512,0.061,2.869,-5.981,93.378,43.752,-131.74,1
2017-03-09 01:41:33.000000000 +0000,34,1489023692226,0.402,-0.714,-0.54,5.371,-4.822,9.277,93.203,44.63,-133.596,1
2017-03-09 01:41:33.000000000 +0000,34,1489023691617,0.421,-0.691,-0.527,10.925,-4.211,13.184,91.109,43.576,-133.933,1
2017-03-09 01:41:33.000000000 +0000,34,1489023691819,0.439,-0.737,-0.62,-4.883,1.343,-8.118,0.0,0.0,0.0,1
2017-03-09 01:41:33.000000000 +0000,34,1489023692633,0.447,-0.725,-0.484,-10.193,-4.578,-1.892,92.68,45.509,-129.041,1
2017-03-09 01:41:33.000000000 +0000,34,1489023692243,0.434,-0.703,-0.527,-7.141,-5.737,0.61,90.934,44.103,-133.09,1
2017-03-09 01:41:31.000000000 +0000,34,1489023690373,0.544,-0.697,-0.618,6.836,-3.845,10.193,90.934,42.346,-135.114,1
2017-03-09 01:41:31.000000000 +0000,34,1489023690169,0.426,-0.646,-0.556,0.061,5.676,-9.338,89.887,41.995,-135.114,1
2017-03-09 01:41:31.000000000 +0000,34,1489023689559,0.424,-0.637,-0.58,9.583,2.441,2.869,91.458,39.71,-135.282,1
2017-03-09 01:41:31.000000000 +0000,34,1489023689762,0.476,-0.676,-0.559,16.052,-1.465,14.221,90.411,40.062,-135.957,1
2017-03-09 01:41:31.000000000 +0000,34,1489023690987,0.472,-0.659,-0.57,-3.54,-1.526,-2.075,90.934,42.346,-135.451,1
2017-03-09 01:41:31.000000000 +0000,34,1489023691015,0.332,-0.66,-0.458,21.118,-1.465,14.099,91.458,42.873,-134.27,1
2017-03-09 01:41:31.000000000 +0000,34,1489023690576,0.475,-0.705,-0.632,1.404,-1.404,2.563,0.0,0.0,0.0,1
2017-03-09 01:41:31.000000000 +0000,34,1489023689966,0.464,-0.699,-0.628,-12.695,-1.099,-11.292,91.633,43.752,-135.114,1
2017-03-09 01:41:31.000000000 +0000,34,1489023690781,0.459,-0.678,-0.587,-9.033,4.883,-15.686,89.887,41.292,-135.114,1
2017-03-09 01:41:31.000000000 +0000,34,1489023691192,0.429,-0.659,-0.581,6.042,-2.93,7.324,90.934,40.94,-135.114,1
2017-03-09 01:41:29.000000000 +0000,34,1489023688341,0.465,-0.634,-0.619,-8.606,-0.793,-7.874,0.0,0.0,0.0,1
2017-03-09 01:41:29.000000000 +0000,34,1489023687935,0.703,-0.761,-0.824,7.874,-0.732,10.254,90.585,40.238,-135.114,1
2017-03-09 01:41:29.000000000 +0000,34,1489023688951,0.535,-0.709,-0.674,26.794,-1.892,27.161,91.458,39.008,-137.644,1
2017-03-09 01:41:29.000000000 +0000,34,1489023688748,0.469,-0.62,-0.572,3.845,-3.54,5.798,90.062,38.305,-137.307,1
2017-03-09 01:41:29.000000000 +0000,34,1489023688138,0.435,-0.63,-0.533,-5.005,1.343,-6.836,91.109,40.413,-137.644,1
2017-03-09 01:41:29.000000000 +0000,34,1489023688562,0.498,-0.645,-0.582,-2.991,-0.488,-3.113,90.062,39.008,-137.307,1
2017-03-09 01:41:29.000000000 +0000,34,1489023688544,0.509,-0.639,-0.615,-1.77,2.869,-7.019,89.364,39.359,-135.282,1
2017-03-09 01:41:29.000000000 +0000,34,1489023688155,0.401,-0.646,-0.531,-10.071,-1.831,-8.484,92.331,42.346,-134.776,1
2017-03-09 01:41:29.000000000 +0000,34,1489023689984,0.673,-0.784,-0.816,2.075,5.31,-6.348,0.0,0.0,0.0,1
2017-03-09 01:41:29.000000000 +0000,34,1489023688358,0.448,-0.657,-0.61,-11.047,3.296,-16.968,91.109,41.467,-135.957,1
2017-03-09 01:41:27.000000000 +0000,34,1489023686944,0.404,-0.627,-0.529,27.771,-5.554,28.198,90.236,38.48,-137.813,1
2017-03-09 01:41:27.000000000 +0000,34,1489023687351,0.524,-0.651,-0.594,-5.371,0.977,-7.141,90.76,38.656,-136.295,1
2017-03-09 01:41:27.000000000 +0000,34,1489023686537,0.538,-0.639,-0.658,-1.465,1.709,-4.272,0.0,0.0,0.0,1
2017-03-09 01:41:27.000000000 +0000,34,1489023686334,0.515,-0.632,-0.63,-6.47,-1.343,-5.188,90.062,39.008,-136.969,1
2017-03-09 01:41:27.000000000 +0000,34,1489023687555,0.509,-0.647,-0.63,-6.47,-2.991,-2.869,90.411,38.656,-137.981,1
2017-03-09 01:41:27.000000000 +0000,34,1489023686757,0.494,-0.636,-0.614,-0.916,2.502,-6.165,0.0,0.0,0.0,1
2017-03-09 01:41:27.000000000 +0000,34,1489023687148,0.499,-0.682,-0.661,-8.057,4.822,-15.32,91.109,41.819,-135.62,1
2017-03-09 01:41:27.000000000 +0000,34,1489023686131,0.487,-0.616,-0.583,-3.967,0.183,-5.737,90.411,37.25,-137.981,1
2017-03-09 01:41:27.000000000 +0000,34,1489023687368,0.394,-0.626,-0.515,-21.24,-3.113,-16.479,91.284,41.995,-134.776,1
2017-03-09 01:41:27.000000000 +0000,34,1489023686740,0.5,-0.612,-0.598,3.479,-0.244,1.282,89.713,38.656,-136.969,1
2017-03-09 01:41:25.000000000 +0000,34,1489023683845,0.531,-0.633,-0.631,3.54,8.606,-9.033,89.538,34.966,-138.825,1
2017-03-09 01:41:25.000000000 +0000,34,1489023684049,0.544,-0.618,-0.61,-3.662,4.578,-10.803,89.713,35.142,-137.981,1
2017-03-09 01:41:25.000000000 +0000,34,1489023683829,0.522,-0.612,-0.606,-1.282,-9.155,9.033,90.236,34.966,-136.801,1
2017-03-09 01:41:25.000000000 +0000,34,1489023683642,0.525,-0.621,-0.604,5.005,4.333,-3.235,0.0,0.0,0.0,1
2017-03-09 01:41:25.000000000 +0000,34,1489023684032,0.527,-0.622,-0.609,-0.549,-4.883,3.784,89.887,36.372,-138.487,1
2017-03-09 01:41:25.000000000 +0000,34,1489023685513,0.517,-0.609,-0.613,-1.282,-0.427,-2.625,89.538,37.778,-139.837,1
2017-03-09 01:41:25.000000000 +0000,34,1489023683439,0.5,-0.614,-0.618,0.977,3.174,-4.7,89.713,37.953,-138.319,1
2017-03-09 01:41:25.000000000 +0000,34,1489023683625,0.538,-0.6,-0.572,-1.709,-0.977,-2.258,90.236,35.318,-137.138,1
2017-03-09 01:41:25.000000000 +0000,34,1489023684252,0.522,-0.598,-0.592,-2.502,0.427,-4.517,89.364,34.088,-136.295,1
2017-03-09 01:41:25.000000000 +0000,34,1489023683236,0.518,-0.623,-0.602,-6.348,-6.897,1.77,90.236,37.778,-138.487,1
2017-03-09 01:41:22.000000000 +0000,34,1489023678855,0.527,-0.62,-0.623,6.47,8.301,-6.47,89.538,37.075,-137.475,1
2017-03-09 01:41:22.000000000 +0000,34,1489023683035,0.493,-0.612,-0.624,-3.052,-1.404,-3.174,89.713,37.953,-138.656,1
2017-03-09 01:41:22.000000000 +0000,34,1489023679075,0.509,-0.61,-0.614,-6.531,-1.77,-4.333,90.585,36.723,-137.475,1
2017-03-09 01:41:22.000000000 +0000,34,1489023679262,0.546,-0.616,-0.594,-0.427,-0.122,-2.014,91.109,33.736,-136.632,1
2017-03-09 01:41:22.000000000 +0000,34,1489023679059,0.535,-0.621,-0.61,3.845,6.409,-7.141,91.109,36.548,-136.295,1
2017-03-09 01:41:22.000000000 +0000,34,1489023679466,0.529,-0.619,-0.598,-3.235,-5.676,2.991,91.807,35.142,-136.295,1
2017-03-09 01:41:22.000000000 +0000,34,1489023678652,0.524,-0.616,-0.618,5.432,5.249,-3.845,0.0,0.0,0.0,1
2017-03-09 01:41:22.000000000 +0000,34,1489023678669,0.51,-0.629,-0.602,-3.662,-6.165,4.395,90.934,36.02,-138.487,1
2017-03-09 01:41:22.000000000 +0000,34,1489023678449,0.505,-0.606,-0.61,-3.54,0.977,-5.31,90.236,36.723,-139.499,1
2017-03-09 01:41:22.000000000 +0000,34,1489023678872,0.526,-0.637,-0.61,-6.592,-5.31,0.366,0.0,0.0,0.0,1
2017-03-09 01:41:17.000000000 +0000,34,1489023677223,0.541,-0.617,-0.594,-0.183,-1.526,-0.488,90.76,33.736,-137.307,0
2017-03-09 01:41:17.000000000 +0000,34,1489023677019,0.541,-0.613,-0.598,2.869,4.761,-5.493,90.934,35.669,-136.801,0
2017-03-09 01:41:17.000000000 +0000,34,1489023677427,0.53,-0.621,-0.597,-3.113,-6.348,3.662,90.411,34.791,-136.295,0
2017-03-09 01:41:17.000000000 +0000,34,1489023677647,0.531,-0.619,-0.605,4.517,7.446,-7.446,89.015,35.142,-136.969,0
2017-03-09 01:41:17.000000000 +0000,34,1489023677240,0.507,-0.608,-0.605,2.625,5.127,-5.615,91.633,38.129,-138.825,0
2017-03-09 01:41:17.000000000 +0000,34,1489023677833,0.527,-0.632,-0.619,-7.019,-5.554,0.854,91.633,36.723,-136.801,0
2017-03-09 01:41:17.000000000 +0000,34,1489023678036,0.513,-0.614,-0.617,-4.639,-0.488,-5.188,89.364,36.548,-138.993,0
2017-03-09 01:41:17.000000000 +0000,34,1489023677849,0.535,-0.612,-0.596,1.038,1.831,-3.235,0.0,0.0,0.0,0
2017-03-09 01:41:17.000000000 +0000,34,1489023677629,0.531,-0.62,-0.621,-4.639,-9.094,5.188,0.0,0.0,0.0,0
2017-03-09 01:41:17.000000000 +0000,34,1489023677443,0.535,-0.617,-0.615,6.531,7.813,-6.409,90.76,36.548,-138.993,0
2017-03-09 01:41:16.000000000 +0000,34,1489023676438,0.521,-0.626,-0.616,-6.714,-7.69,2.38,90.062,36.548,-137.981,0
2017-03-09 01:41:16.000000000 +0000,34,1489023674977,0.536,-0.611,-0.588,2.686,4.7,-5.31,91.284,34.263,-137.813,0
2017-03-09 01:41:16.000000000 +0000,34,1489023676000,0.506,-0.614,-0.619,-2.258,0.427,-4.211,89.015,37.25,-138.656,0
2017-03-09 01:41:16.000000000 +0000,34,1489023675570,0.528,-0.622,-0.617,3.784,8.301,-8.789,90.585,37.075,-138.487,0
2017-03-09 01:41:16.000000000 +0000,34,1489023675383,0.537,-0.62,-0.597,-2.747,-6.104,5.066,0.0,0.0,0.0,0
2017-03-09 01:41:16.000000000 +0000,34,1489023675366,0.513,-0.617,-0.616,1.831,3.967,-5.432,89.538,37.778,-138.825,0
2017-03-09 01:41:16.000000000 +0000,34,1489023675794,0.515,-0.628,-0.624,-6.47,-6.042,0.488,89.713,36.899,-135.957,0
2017-03-09 01:41:16.000000000 +0000,34,1489023675588,0.528,-0.63,-0.612,-6.104,-9.888,6.287,91.458,35.142,-137.981,0
2017-03-09 01:41:16.000000000 +0000,34,1489023675180,0.528,-0.614,-0.589,1.526,0.244,-0.244,90.585,33.209,-137.813,0
2017-03-09 01:41:16.000000000 +0000,34,1489023674773,0.531,-0.615,-0.603,2.93,9.155,-10.681,90.934,37.075,-137.138,0
2017-03-09 01:41:14.000000000 +0000,34,1489023673750,0.538,-0.613,-0.594,-0.854,7.69,-12.329,90.934,35.669,-137.813,0
2017-03-09 01:41:14.000000000 +0000,34,1489023673954,0.525,-0.602,-0.589,1.404,2.075,-3.174,90.76,32.682,-137.307,0
2017-03-09 01:41:14.000000000 +0000,34,1489023673563,0.529,-0.63,-0.609,-7.202,-9.766,4.639,91.284,36.723,-136.801,0
2017-03-09 01:41:14.000000000 +0000,34,1489023673547,0.531,-0.63,-0.632,3.174,10.681,-12.756,90.236,37.075,-138.15,0
2017-03-09 01:41:14.000000000 +0000,34,1489023673970,0.504,-0.614,-0.609,1.892,3.113,-4.028,90.585,37.075,-138.487,0
2017-03-09 01:41:14.000000000 +0000,34,1489023674174,0.528,-0.625,-0.624,3.967,7.874,-8.24,90.76,37.25,-137.981,0
2017-03-09 01:41:14.000000000 +0000,34,1489023674157,0.536,-0.616,-0.595,2.625,-3.052,3.784,90.411,33.385,-136.632,0
2017-03-09 01:41:14.000000000 +0000,34,1489023673767,0.504,-0.622,-0.617,-6.409,-5.432,-0.488,89.713,37.953,-138.993,0
2017-03-09 01:41:14.000000000 +0000,34,1489023673360,0.537,-0.625,-0.608,-3.174,-9.46,7.813,0.0,0.0,0.0,0
2017-03-09 01:41:14.000000000 +0000,34,1489023674784,0.532,-0.612,-0.595,2.075,-0.732,1.099,90.585,33.912,-136.463,0
2017-03-09 01:41:12.000000000 +0000,34,1489023669839,0.53,-0.609,-0.598,3.296,1.099,-0.183,88.84,34.263,-138.825,0
2017-03-09 01:41:12.000000000 +0000,34,1489023668822,0.519,-0.625,-0.622,-1.343,0.793,-3.113,0.0,0.0,0.0,0
2017-03-09 01:41:12.000000000 +0000,34,1489023669416,0.538,-0.621,-0.613,0.305,-4.333,3.967,90.585,36.02,-137.138,0
2017-03-09 01:41:12.000000000 +0000,34,1489023669636,0.518,-0.602,-0.599,-2.38,1.648,-5.737,90.411,35.142,-137.981,0
2017-03-09 01:41:12.000000000 +0000,34,1489023669432,0.532,-0.619,-0.618,-3.784,2.686,-8.057,90.76,35.845,-138.993,0
2017-03-09 01:41:12.000000000 +0000,34,1489023669025,0.527,-0.626,-0.601,2.014,3.418,-3.235,90.585,36.372,-139.162,0
2017-03-09 01:41:12.000000000 +0000,34,1489023669229,0.54,-0.626,-0.619,0.244,1.892,-3.906,90.585,37.426,-138.487,0
2017-03-09 01:41:12.000000000 +0000,34,1489023669619,0.523,-0.622,-0.62,-1.77,-3.723,0.427,88.665,36.548,-137.644,0
2017-03-09 01:41:12.000000000 +0000,34,1489023669213,0.531,-0.609,-0.603,3.418,-0.305,1.648,90.236,34.615,-137.475,0
2017-03-09 01:41:12.000000000 +0000,34,1489023672981,0.547,-0.629,-0.612,-1.77,-9.216,8.606,91.109,33.033,-137.644,0
2017-03-09 01:41:08.000000000 +0000,34,1489023667409,0.54,-0.619,-0.615,-4.639,1.526,-7.751,90.411,36.548,-136.969,0
2017-03-09 01:41:08.000000000 +0000,34,1489023668222,0.529,-0.627,-0.614,-0.977,-3.418,2.258,90.585,35.669,-138.487,0
2017-03-09 01:41:08.000000000 +0000,34,1489023668206,0.541,-0.625,-0.615,2.014,2.563,-4.456,90.76,36.196,-138.319,0
2017-03-09 01:41:08.000000000 +0000,34,1489023667816,0.533,-0.601,-0.59,2.747,0.488,0.0,89.538,34.263,-137.813,0
2017-03-09 01:41:08.000000000 +0000,34,1489023667799,0.522,-0.628,-0.611,-1.343,0.854,-3.845,91.982,37.778,-137.813,0
2017-03-09 01:41:08.000000000 +0000,34,1489023668629,0.513,-0.617,-0.611,0.854,2.319,-3.784,89.364,37.602,-138.319,0
2017-03-09 01:41:08.000000000 +0000,34,1489023668426,0.517,-0.624,-0.618,-2.38,-1.343,-2.075,90.585,37.426,-136.463,0
2017-03-09 01:41:08.000000000 +0000,34,1489023668019,0.535,-0.619,-0.609,2.014,-3.113,4.7,0.0,0.0,0.0,0
2017-03-09 01:41:08.000000000 +0000,34,1489023667613,0.51,-0.604,-0.598,-4.395,3.418,-7.629,89.015,36.196,-137.981,0
2017-03-09 01:41:08.000000000 +0000,34,1489023668002,0.523,-0.62,-0.616,1.343,0.977,-2.197,89.189,36.02,-139.499,0
2017-03-09 01:41:06.000000000 +0000,34,1489023666571,0.529,-0.606,-0.601,-7.324,-0.916,-7.141,90.062,34.088,-137.307,0
2017-03-09 01:41:06.000000000 +0000,34,1489023666994,0.525,-0.624,-0.595,-2.258,4.761,-6.47,0.0,0.0,0.0,0
2017-03-09 01:41:06.000000000 +0000,34,1489023666384,0.521,-0.624,-0.607,-2.441,-3.113,-1.343,91.284,37.778,-136.126,0
2017-03-09 01:41:06.000000000 +0000,34,1489023666181,0.539,-0.624,-0.62,0.61,-4.089,3.479,89.713,36.548,-137.644,0
2017-03-09 01:41:06.000000000 +0000,34,1489023665977,0.527,-0.616,-0.616,3.418,-2.93,4.822,90.585,36.02,-138.487,0
2017-03-09 01:41:06.000000000 +0000,34,1489023667197,0.532,-0.61,-0.607,-5.92,3.113,-10.254,90.934,36.372,-137.475,0
2017-03-09 01:41:06.000000000 +0000,34,1489023666368,0.548,-0.625,-0.616,-3.113,2.258,-7.263,90.934,36.372,-138.15,0
2017-03-09 01:41:06.000000000 +0000,34,1489023666791,0.512,-0.626,-0.579,4.028,7.324,-4.761,89.189,36.02,-137.813,0
2017-03-09 01:41:06.000000000 +0000,34,1489023666774,0.518,-0.597,-0.592,-0.671,-1.831,0.0,0.0,0.0,0.0,0
2017-03-09 01:41:06.000000000 +0000,34,1489023666588,0.565,-0.599,-0.677,2.869,1.587,-3.54,89.364,36.899,-137.981,0
2017-03-09 01:41:05.000000000 +0000,34,1489023664948,0.521,-0.611,-0.613,3.174,-3.662,5.92,90.411,35.142,-139.668,0
2017-03-09 01:41:05.000000000 +0000,34,1489023664762,0.534,-0.615,-0.613,4.272,3.357,-3.784,89.887,37.778,-138.15,0
2017-03-09 01:41:05.000000000 +0000,34,1489023665372,0.515,-0.595,-0.598,-6.104,-3.235,-3.418,89.364,35.845,-137.644,0
2017-03-09 01:41:05.000000000 +0000,34,1489023664559,0.494,-0.63,-0.597,-0.122,2.93,-5.432,89.887,37.075,-137.813,0
2017-03-09 01:41:05.000000000 +0000,34,1489023665575,0.521,-0.603,-0.608,3.296,-1.526,3.418,90.585,34.966,-137.475,0
2017-03-09 01:41:05.000000000 +0000,34,1489023664965,0.544,-0.622,-0.614,0.793,3.906,-5.92,0.0,0.0,0.0,0
2017-03-09 01:41:05.000000000 +0000,34,1489023665168,0.544,-0.614,-0.599,-8.057,-1.648,-7.263,91.109,34.439,-137.644,0
2017-03-09 01:41:05.000000000 +0000,34,1489023665355,0.523,-0.625,-0.617,-0.732,-0.671,-1.953,90.934,37.075,-138.825,0
2017-03-09 01:41:05.000000000 +0000,34,1489023665152,0.534,-0.623,-0.622,2.014,-3.174,3.723,90.585,36.372,-138.825,0
2017-03-09 01:41:05.000000000 +0000,34,1489023665781,0.537,-0.618,-0.618,1.404,-4.272,5.005,89.538,36.372,-137.813,0
2017-03-09 01:41:04.000000000 +0000,34,1489023663534,0.53,-0.589,-0.602,0.488,-4.944,3.906,88.665,35.845,-138.319,0
2017-03-09 01:41:04.000000000 +0000,34,1489023663720,0.519,-0.62,-0.602,3.906,5.676,-5.31,0.0,0.0,0.0,0
2017-03-09 01:41:04.000000000 +0000,34,1489023663111,0.532,-0.622,-0.626,2.991,-3.418,5.737,89.713,36.196,-137.644,0
2017-03-09 01:41:04.000000000 +0000,34,1489023663314,0.525,-0.625,-0.622,0.854,-0.671,-0.366,91.633,35.669,-138.15,0
2017-03-09 01:41:04.000000000 +0000,34,1489023664347,0.511,-0.617,-0.6,2.075,4.028,-5.188,90.76,36.196,-137.307,0
2017-03-09 01:41:04.000000000 +0000,34,1489023663518,0.514,-0.622,-0.613,0.61,3.479,-5.859,91.633,37.778,-137.813,0
2017-03-09 01:41:04.000000000 +0000,34,1489023663331,0.524,-0.602,-0.599,-10.132,-2.991,-6.287,90.585,33.561,-137.813,0
2017-03-09 01:41:04.000000000 +0000,34,1489023663738,0.528,-0.617,-0.623,2.38,-5.432,6.958,90.76,36.548,-138.319,0
2017-03-09 01:41:04.000000000 +0000,34,1489023663127,0.547,-0.626,-0.615,-6.836,1.221,-8.118,89.887,36.02,-137.138,0
2017-03-09 01:41:04.000000000 +0000,34,1489023663924,0.535,-0.631,-0.619,3.418,4.761,-4.578,89.538,35.318,-138.825,0
2017-03-09 01:41:02.000000000 +0000,34,1489023661719,0.526,-0.615,-0.629,3.296,-5.737,8.484,91.284,36.723,-137.138,0
2017-03-09 01:41:02.000000000 +0000,34,1489023661500,0.522,-0.625,-0.608,1.16,5.188,-7.385,91.109,36.548,-138.993,0
2017-03-09 01:41:02.000000000 +0000,34,1489023661092,0.536,-0.617,-0.623,4.272,-6.165,9.338,90.585,37.075,-136.801,0
2017-03-09 01:41:02.000000000 +0000,34,1489023662533,0.531,-0.624,-0.6,5.493,6.042,-4.883,89.538,35.669,-138.15,0
2017-03-09 01:41:02.000000000 +0000,34,1489023661702,0.512,-0.619,-0.596,3.479,5.371,-5.737,0.0,0.0,0.0,0
2017-03-09 01:41:02.000000000 +0000,34,1489023661906,0.535,-0.63,-0.612,4.822,5.981,-5.005,91.109,36.899,-135.62,0
2017-03-09 01:41:02.000000000 +0000,34,1489023661296,0.518,-0.628,-0.631,3.418,1.16,-0.916,89.189,36.723,-136.801,0
2017-03-09 01:41:02.000000000 +0000,34,1489023662516,0.514,-0.589,-0.585,-1.404,-5.127,3.601,90.062,34.791,-140.005,0
2017-03-09 01:41:02.000000000 +0000,34,1489023662313,0.529,-0.6,-0.598,-13.062,-4.333,-6.897,90.585,36.02,-137.138,0
2017-03-09 01:41:02.000000000 +0000,34,1489023662109,0.551,-0.635,-0.619,-7.385,-0.366,-7.141,89.538,35.318,-136.126,0
2017-03-09 01:41:00.000000000 +0000,34,1489023660070,0.564,-0.623,-0.629,7.385,-11.047,17.517,89.538,34.966,-137.813,0
2017-03-09 01:41:00.000000000 +0000,34,1489023659476,0.528,-0.629,-0.607,3.906,10.925,-12.39,0.0,0.0,0.0,0
2017-03-09 01:41:00.000000000 +0000,34,1489023659274,0.5,-0.639,-0.657,4.456,0.671,0.244,91.807,38.656,-139.331,0
2017-03-09 01:41:00.000000000 +0000,34,1489023659883,0.504,-0.634,-0.618,6.775,5.981,-3.54,90.062,35.142,-136.969,0
2017-03-09 01:41:00.000000000 +0000,34,1489023660516,0.533,-0.625,-0.588,4.883,3.723,-2.319,90.934,37.426,-136.126,0
2017-03-09 01:41:00.000000000 +0000,34,1489023659663,0.444,-0.572,-0.612,-22.461,-6.47,-12.024,90.76,36.899,-136.969,0
2017-03-09 01:41:00.000000000 +0000,34,1489023660290,0.542,-0.605,-0.583,-20.691,-8.301,-8.118,91.284,34.966,-136.801,0
2017-03-09 01:41:00.000000000 +0000,34,1489023659680,0.527,-0.617,-0.566,0.427,2.136,-4.15,88.665,37.953,-136.632,0
2017-03-09 01:41:00.000000000 +0000,34,1489023660087,0.56,-0.642,-0.617,-6.165,2.502,-10.376,91.458,35.142,-135.62,0
2017-03-09 01:41:00.000000000 +0000,34,1489023659867,0.534,-0.569,-0.579,10.925,0.793,7.08,87.793,33.561,-141.524,0
2017-03-09 01:40:58.000000000 +0000,34,1489023656010,0.515,-0.624,-0.612,4.7,4.15,-3.235,90.76,37.602,-138.319,0
2017-03-09 01:40:58.000000000 +0000,34,1489023656417,0.533,-0.632,-0.601,1.953,4.883,-6.47,91.109,36.548,-137.307,0
2017-03-09 01:40:58.000000000 +0000,34,1489023656400,0.528,-0.629,-0.605,-7.69,-7.446,1.648,91.284,36.723,-137.475,0
2017-03-09 01:40:58.000000000 +0000,34,1489023656621,0.525,-0.626,-0.593,-0.916,1.038,-4.089,90.934,37.778,-136.463,0
2017-03-09 01:40:58.000000000 +0000,34,1489023656214,0.523,-0.632,-0.612,5.981,8.179,-7.446,91.109,37.953,-137.644,0
2017-03-09 01:40:58.000000000 +0000,34,1489023655807,0.51,-0.622,-0.609,1.282,0.183,-1.099,0.0,0.0,0.0,0
2017-03-09 01:40:58.000000000 +0000,34,1489023659094,0.483,-0.644,-0.61,-16.235,0.122,-16.602,91.109,39.359,-134.945,0
2017-03-09 01:40:58.000000000 +0000,34,1489023656604,0.512,-0.619,-0.603,-6.226,-5.737,-0.061,91.633,37.075,-139.499,0
2017-03-09 01:40:58.000000000 +0000,34,1489023656197,0.528,-0.63,-0.606,-3.235,-5.249,2.808,90.76,34.791,-136.295,0
2017-03-09 01:40:58.000000000 +0000,34,1489023656824,0.531,-0.627,-0.593,-1.648,-2.441,0.183,90.585,36.723,-137.475,0
2017-03-09 01:40:55.000000000 +0000,34,1489023654787,0.506,-0.615,-0.605,2.991,2.502,-1.892,0.0,0.0,0.0,0
2017-03-09 01:40:55.000000000 +0000,34,1489023654585,0.504,-0.612,-0.614,-5.676,-1.587,-2.319,89.538,37.778,-137.475,0
2017-03-09 01:40:55.000000000 +0000,34,1489023653974,0.528,-0.625,-0.585,-1.526,-3.54,1.282,91.807,35.493,-137.981,0
2017-03-09 01:40:55.000000000 +0000,34,1489023655618,0.514,-0.625,-0.608,5.005,3.784,-2.625,89.189,37.778,-137.475,0
2017-03-09 01:40:55.000000000 +0000,34,1489023654178,0.53,-0.636,-0.606,-3.967,-5.737,3.662,91.458,35.142,-135.62,0
2017-03-09 01:40:55.000000000 +0000,34,1489023654381,0.528,-0.632,-0.605,-8.606,-7.324,0.305,89.887,36.02,-136.463,0
2017-03-09 01:40:55.000000000 +0000,34,1489023655194,0.53,-0.635,-0.606,5.249,7.385,-7.019,91.109,37.602,-138.319,0
2017-03-09 01:40:55.000000000 +0000,34,1489023654991,0.519,-0.629,-0.61,7.202,6.897,-4.7,90.934,37.426,-138.15,0
2017-03-09 01:40:55.000000000 +0000,34,1489023654398,0.529,-0.629,-0.596,0.549,3.601,-5.981,91.458,35.845,-135.282,0
2017-03-09 01:40:55.000000000 +0000,34,1489023653771,0.533,-0.628,-0.588,-0.732,1.282,-4.272,91.633,36.372,-136.463,0
2017-03-09 01:40:53.000000000 +0000,34,1489023653190,0.51,-0.617,-0.611,-7.324,-3.723,-2.747,90.411,37.25,-136.969,0
2017-03-09 01:40:53.000000000 +0000,34,1489023651276,0.502,-0.62,-0.599,1.526,4.578,-5.798,90.062,36.899,-137.644,0
2017-03-09 01:40:53.000000000 +0000,34,1489023650249,0.536,-0.633,-0.58,1.343,2.502,-3.967,90.585,35.318,-136.801,0
2017-03-09 01:40:53.000000000 +0000,34,1489023651481,0.528,-0.623,-0.605,6.897,6.714,-4.883,89.713,36.899,-138.319,0
2017-03-09 01:40:53.000000000 +0000,34,1489023650453,0.536,-0.629,-0.589,-2.808,-6.409,3.479,0.0,0.0,0.0,0
2017-03-09 01:40:53.000000000 +0000,34,1489023651070,0.503,-0.626,-0.612,-5.066,0.732,-6.165,90.411,37.602,-137.644,0
2017-03-09 01:40:53.000000000 +0000,34,1489023650046,0.519,-0.62,-0.616,4.395,7.507,-7.751,91.109,36.548,-135.957,0
2017-03-09 01:40:53.000000000 +0000,34,1489023650659,0.524,-0.632,-0.599,-5.432,-10.803,7.69,91.458,35.493,-135.957,0
2017-03-09 01:40:53.000000000 +0000,34,1489023650864,0.515,-0.632,-0.633,-7.874,-8.789,2.93,90.934,36.372,-137.813,0
2017-03-09 01:40:53.000000000 +0000,34,1489023651687,0.525,-0.629,-0.61,4.822,6.958,-6.775,91.109,36.548,-136.295,0
2017-03-09 01:40:49.000000000 +0000,34,1489023648422,0.535,-0.631,-0.588,-3.113,-7.141,5.676,89.189,35.669,-135.451,0
2017-03-09 01:40:49.000000000 +0000,34,1489023648625,0.518,-0.635,-0.608,-5.493,-9.827,6.531,90.585,36.02,-136.463,0
2017-03-09 01:40:49.000000000 +0000,34,1489023648829,0.519,-0.638,-0.608,-6.958,-6.714,1.221,90.585,37.778,-136.801,0
2017-03-09 01:40:49.000000000 +0000,34,1489023649218,0.536,-0.63,-0.583,1.16,-1.221,-0.488,0.0,0.0,0.0,0
2017-03-09 01:40:49.000000000 +0000,34,1489023649032,0.501,-0.628,-0.61,-4.883,-1.16,-4.089,89.538,39.886,-138.15,0
2017-03-09 01:40:49.000000000 +0000,34,1489023649236,0.494,-0.623,-0.598,2.808,6.47,-6.958,89.538,38.48,-136.126,0
2017-03-09 01:40:49.000000000 +0000,34,1489023649439,0.524,-0.632,-0.603,6.897,10.925,-8.911,0.0,0.0,0.0,0
2017-03-09 01:40:49.000000000 +0000,34,1489023649457,0.521,-0.642,-0.608,-7.263,-10.254,5.615,91.807,36.899,-137.307,0
2017-03-09 01:40:49.000000000 +0000,34,1489023648812,0.532,-0.624,-0.593,5.005,10.62,-11.536,91.807,36.196,-138.319,0
2017-03-09 01:40:49.000000000 +0000,34,1489023649016,0.526,-0.623,-0.584,2.502,5.31,-5.859,90.934,34.966,-135.788,0
2017-03-09 01:40:48.000000000 +0000,34,1489023646770,0.531,-0.624,-0.596,2.197,11.963,-15.442,90.411,37.953,-137.644,0
2017-03-09 01:40:48.000000000 +0000,34,1489023646566,0.517,-0.634,-0.626,5.676,11.169,-10.803,90.062,38.656,-137.981,0
2017-03-09 01:40:48.000000000 +0000,34,1489023646990,0.496,-0.623,-0.61,-2.563,-1.099,-2.441,91.284,39.183,-139.499,0
2017-03-09 01:40:48.000000000 +0000,34,1489023647379,0.538,-0.632,-0.601,-1.953,-9.888,7.751,91.284,35.318,-136.463,0
2017-03-09 01:40:48.000000000 +0000,34,1489023647583,0.52,-0.637,-0.615,-6.653,-9.888,6.042,90.585,36.02,-136.463,0
2017-03-09 01:40:48.000000000 +0000,34,1489023647192,0.507,-0.626,-0.619,5.31,7.935,-7.324,0.0,0.0,0.0,0
2017-03-09 01:40:48.000000000 +0000,34,1489023647176,0.531,-0.615,-0.603,2.625,-1.709,2.38,90.585,35.669,-136.463,0
2017-03-09 01:40:48.000000000 +0000,34,1489023646972,0.533,-0.618,-0.569,0.549,3.052,-5.432,0.0,0.0,0.0,0
2017-03-09 01:40:48.000000000 +0000,34,1489023647786,0.516,-0.637,-0.605,-7.08,-6.165,0.122,90.585,37.426,-138.15,0
2017-03-09 01:40:48.000000000 +0000,34,1489023648210,0.517,-0.64,-0.596,-4.578,-9.155,6.775,89.887,34.966,-136.126,0
2017-03-09 01:40:46.000000000 +0000,34,1489023645119,0.521,-0.608,-0.589,6.226,0.854,2.991,91.633,33.912,-137.138,0
2017-03-09 01:40:46.000000000 +0000,34,1489023644915,0.513,-0.604,-0.57,-5.615,-0.061,-6.775,91.109,35.493,-135.957,0
2017-03-09 01:40:46.000000000 +0000,34,1489023645963,0.528,-0.626,-0.605,1.77,-6.287,8.118,90.585,34.966,-136.126,0
2017-03-09 01:40:46.000000000 +0000,34,1489023645728,0.501,-0.636,-0.617,-7.385,-5.188,-1.282,0.0,0.0,0.0,0
2017-03-09 01:40:46.000000000 +0000,34,1489023645526,0.528,-0.642,-0.618,-6.47,-11.78,8.24,91.284,36.723,-136.801,0
2017-03-09 01:40:46.000000000 +0000,34,1489023644712,0.541,-0.631,-0.592,-7.141,8.057,-19.836,91.633,39.535,-135.451,0
2017-03-09 01:40:46.000000000 +0000,34,1489023645934,0.5,-0.614,-0.611,0.122,2.502,-3.662,90.585,38.48,-137.813,0
2017-03-09 01:40:46.000000000 +0000,34,1489023644508,0.531,-0.662,-0.647,7.141,11.108,-10.864,90.585,40.238,-138.487,0
2017-03-09 01:40:46.000000000 +0000,34,1489023645322,0.549,-0.635,-0.598,1.099,-8.789,10.986,89.887,35.318,-136.126,0
2017-03-09 01:40:46.000000000 +0000,34,1489023646140,0.517,-0.631,-0.617,6.042,5.92,-3.723,89.364,38.656,-137.644,0
2017-03-09 01:40:44.000000000 +0000,34,1489023641398,0.521,-0.59,-0.625,-1.404,0.305,-3.296,0.0,0.0,0.0,0
2017-03-09 01:40:44.000000000 +0000,34,1489023641213,0.501,-0.585,-0.606,4.578,1.709,-0.183,90.236,36.372,-140.849,0
2017-03-09 01:40:44.000000000 +0000,34,1489023641009,0.489,-0.566,-0.596,-2.441,0.366,-5.005,88.84,36.02,-137.475,0
2017-03-09 01:40:44.000000000 +0000,34,1489023644907,0.523,-0.635,-0.614,23.01,0.183,18.799,90.236,32.506,-140.512,0
2017-03-09 01:40:44.000000000 +0000,34,1489023641416,0.528,-0.61,-0.608,7.935,-0.061,5.127,89.713,36.196,-138.319,0
2017-03-09 01:40:44.000000000 +0000,34,1489023640993,0.537,-0.6,-0.642,-0.366,-0.305,-1.343,88.316,34.791,-140.005,0
2017-03-09 01:40:44.000000000 +0000,34,1489023641806,0.517,-0.594,-0.626,0.427,-0.671,-1.038,89.364,35.493,-140.68,0
2017-03-09 01:40:44.000000000 +0000,34,1489023641196,0.525,-0.598,-0.637,-1.648,-0.549,-2.441,90.934,36.02,-138.487,0
2017-03-09 01:40:44.000000000 +0000,34,1489023641602,0.53,-0.59,-0.626,-0.427,-1.953,-1.282,89.713,36.196,-138.993,0
2017-03-09 01:40:44.000000000 +0000,34,1489023640789,0.525,-0.604,-0.636,-1.465,-0.183,-2.502,89.713,36.548,-138.993,0
2017-03-09 01:40:40.000000000 +0000,34,1489023638969,0.516,-0.65,-0.617,0.671,0.732,-2.014,90.585,40.589,-137.475,0
2017-03-09 01:40:40.000000000 +0000,34,1489023639358,0.496,-0.669,-0.608,-2.014,-0.793,-2.136,90.934,40.238,-136.463,0
2017-03-09 01:40:40.000000000 +0000,34,1489023639171,0.512,-0.651,-0.611,-0.244,-0.427,-1.038,0.0,0.0,0.0,0
2017-03-09 01:40:40.000000000 +0000,34,1489023640206,0.512,-0.599,-0.623,-2.319,-1.953,-1.099,89.189,37.426,-137.475,0
2017-03-09 01:40:40.000000000 +0000,34,1489023639375,0.507,-0.659,-0.617,-0.366,0.366,-2.319,91.109,39.71,-137.981,0
2017-03-09 01:40:40.000000000 +0000,34,1489023639578,0.506,-0.643,-0.602,-2.869,0.0,-4.578,90.062,38.305,-137.644,0
2017-03-09 01:40:40.000000000 +0000,34,1489023638562,0.493,-0.649,-0.603,-3.723,2.197,-6.775,91.109,39.359,-134.945,0
2017-03-09 01:40:40.000000000 +0000,34,1489023638765,0.481,-0.642,-0.581,-6.653,-0.916,-6.775,90.934,39.183,-136.126,0
2017-03-09 01:40:40.000000000 +0000,34,1489023639985,0.484,-0.616,-0.582,-3.357,0.0,-5.188,89.538,36.723,-136.463,0
2017-03-09 01:40:40.000000000 +0000,34,1489023639782,0.508,-0.637,-0.626,-9.766,-0.427,-9.766,90.934,37.426,-137.813,0
2017-03-09 01:40:38.000000000 +0000,34,1489023636518,0.427,-0.814,-0.491,-1.831,0.183,-2.502,94.076,50.429,-125.33,0
2017-03-09 01:40:38.000000000 +0000,34,1489023636315,0.379,-0.795,-0.458,0.244,1.648,-4.517,92.331,50.429,-123.306,0
2017-03-09 01:40:38.000000000 +0000,34,1489023636704,0.355,-0.786,-0.447,-0.977,2.991,-7.263,92.854,49.55,-123.137,0
2017-03-09 01:40:38.000000000 +0000,34,1489023638772,0.494,-0.67,-0.593,-0.61,-1.709,0.122,90.934,39.535,-136.801,0
2017-03-09 01:40:38.000000000 +0000,34,1489023636298,0.408,-0.8,-0.456,-8.484,0.0,-10.315,93.378,49.726,-123.643,0
2017-03-09 01:40:38.000000000 +0000,34,1489023636924,0.389,-0.783,-0.496,-8.362,2.014,-14.282,0.0,0.0,0.0,0
2017-03-09 01:40:38.000000000 +0000,34,1489023636722,0.416,-0.809,-0.521,-5.066,1.221,-6.042,92.854,48.847,-125.499,0
2017-03-09 01:40:38.000000000 +0000,34,1489023636501,0.333,-0.778,-0.459,-0.427,-1.587,1.831,0.0,0.0,0.0,0
2017-03-09 01:40:38.000000000 +0000,34,1489023636111,0.376,-0.81,-0.497,-0.854,-0.488,-0.977,95.298,49.55,-125.162,0
2017-03-09 01:40:38.000000000 +0000,34,1489023636908,0.409,-0.801,-0.468,-2.625,-2.991,-0.122,93.553,49.55,-126.174,0
2017-03-09 01:40:35.000000000 +0000,34,1489023634494,0.308,-0.813,-0.417,-13.0,0.549,-15.259,92.68,53.943,-122.631,1
2017-03-09 01:40:35.000000000 +0000,34,1489023634273,0.302,-0.822,-0.463,1.526,1.526,-3.235,93.203,53.064,-122.125,1
2017-03-09 01:40:35.000000000 +0000,34,1489023634883,0.342,-0.809,-0.479,5.92,-0.305,3.723,93.727,50.429,-123.306,1
2017-03-09 01:40:35.000000000 +0000,34,1489023634679,0.397,-0.827,-0.476,-9.705,-1.831,-5.005,0.0,0.0,0.0,1
2017-03-09 01:40:35.000000000 +0000,34,1489023635510,0.296,-0.802,-0.405,-9.216,0.061,-9.827,94.251,53.416,-122.125,1
2017-03-09 01:40:35.000000000 +0000,34,1489023634901,0.399,-0.83,-0.482,0.549,-0.854,-0.854,93.203,51.659,-123.475,1
2017-03-09 01:40:35.000000000 +0000,34,1489023635087,0.258,-0.773,-0.335,16.418,-1.343,13.184,93.378,51.132,-125.33,1
2017-03-09 01:40:35.000000000 +0000,34,1489023634697,0.377,-0.829,-0.477,-7.019,-0.122,-10.315,92.156,50.956,-125.162,1
2017-03-09 01:40:35.000000000 +0000,34,1489023635290,0.344,-0.822,-0.415,-9.46,-1.16,-9.338,93.553,52.713,-121.113,1
2017-03-09 01:40:35.000000000 +0000,34,1489023634477,0.444,-0.859,-0.493,-4.761,2.93,-12.878,93.727,53.943,-122.631,1
2017-03-09 01:40:33.000000000 +0000,34,1489023633257,0.443,-0.862,-0.52,23.743,-4.578,28.687,93.553,49.55,-123.812,1
2017-03-09 01:40:33.000000000 +0000,34,1489023633664,0.348,-0.801,-0.418,-8.423,3.723,-15.686,93.203,50.956,-123.137,1
2017-03-09 01:40:33.000000000 +0000,34,1489023633444,0.466,-0.869,-0.553,-0.488,1.16,-7.813,93.029,52.537,-121.957,1
2017-03-09 01:40:33.000000000 +0000,34,1489023633461,0.303,-0.805,-0.441,-3.662,1.16,-6.531,92.854,50.956,-123.137,1
2017-03-09 01:40:33.000000000 +0000,34,1489023633053,0.314,-0.754,-0.394,3.174,0.122,-0.305,94.774,50.077,-124.655,1
2017-03-09 01:40:33.000000000 +0000,34,1489023632833,0.364,-0.81,-0.454,-1.892,2.869,-8.484,93.902,52.361,-124.487,1
2017-03-09 01:40:33.000000000 +0000,34,1489023633850,0.355,-0.804,-0.493,-5.127,1.038,-7.751,93.902,49.902,-122.463,1
2017-03-09 01:40:33.000000000 +0000,34,1489023633240,0.358,-0.814,-0.487,4.639,-2.93,7.385,93.727,49.374,-123.981,1
2017-03-09 01:40:33.000000000 +0000,34,1489023633646,0.399,-0.822,-0.475,-5.188,-0.793,-3.174,0.0,0.0,0.0,1
2017-03-09 01:40:33.000000000 +0000,34,1489023633037,0.359,-0.777,-0.429,-6.287,-0.549,-6.348,94.076,51.483,-124.993,1
2017-03-09 01:40:32.000000000 +0000,34,1489023631374,0.38,-0.75,-0.422,6.531,-0.916,5.249,94.6,47.442,-126.174,1
2017-03-09 01:40:32.000000000 +0000,34,1489023630758,0.501,-0.816,-0.549,18.005,-1.343,16.479,93.553,48.144,-126.174,1
2017-03-09 01:40:32.000000000 +0000,34,1489023631168,0.369,-0.762,-0.493,4.578,2.747,-2.686,92.68,47.969,-127.354,1
2017-03-09 01:40:32.000000000 +0000,34,1489023631785,0.421,-0.813,-0.523,6.714,0.183,2.93,93.902,48.144,-125.499,1
2017-03-09 01:40:32.000000000 +0000,34,1489023630553,0.325,-0.718,-0.448,4.7,1.648,-0.305,93.203,46.387,-128.873,1
2017-03-09 01:40:32.000000000 +0000,34,1489023632223,0.332,-0.762,-0.414,9.766,-3.296,11.658,93.553,49.55,-126.174,1
2017-03-09 01:40:32.000000000 +0000,34,1489023631349,0.429,-0.777,-0.518,-16.724,-2.502,-12.146,93.029,48.672,-127.354,1
2017-03-09 01:40:32.000000000 +0000,34,1489023631579,0.443,-0.822,-0.569,-8.545,-2.075,-5.249,93.727,48.32,-125.668,1
2017-03-09 01:40:32.000000000 +0000,34,1489023630962,0.392,-0.773,-0.506,-9.277,-2.441,-4.7,0.0,0.0,0.0,1
2017-03-09 01:40:32.000000000 +0000,34,1489023631990,0.363,-0.76,-0.457,-9.644,1.404,-11.841,93.902,49.199,-126.848,1
2017-03-09 01:40:30.000000000 +0000,34,1489023629550,0.258,-0.756,-0.407,-20.142,-4.272,-10.498,92.156,49.55,-123.475,1
2017-03-09 01:40:30.000000000 +0000,34,1489023629159,0.356,-0.777,-0.529,0.305,-1.038,0.244,0.0,0.0,0.0,1
2017-03-09 01:40:30.000000000 +0000,34,1489023629770,0.382,-0.824,-0.523,8.789,-0.854,7.629,93.029,50.429,-124.993,1
2017-03-09 01:40:30.000000000 +0000,34,1489023629566,0.333,-0.758,-0.411,-5.798,-3.662,-1.221,92.68,49.726,-126.005,1
2017-03-09 01:40:30.000000000 +0000,34,1489023629753,0.391,-0.778,-0.475,6.042,7.996,-9.705,93.029,50.78,-127.017,1
2017-03-09 01:40:30.000000000 +0000,34,1489023629363,0.37,-0.772,-0.437,20.203,1.648,12.695,93.029,47.266,-127.017,1
2017-03-09 01:40:30.000000000 +0000,34,1489023629957,0.442,-0.783,-0.472,-9.705,-5.005,-2.686,93.902,48.496,-126.511,1
2017-03-09 01:40:30.000000000 +0000,34,1489023629346,0.677,-0.937,-0.728,3.296,-3.723,1.038,93.378,48.672,-126.342,1
2017-03-09 01:40:30.000000000 +0000,34,1489023629973,0.381,-0.805,-0.475,-11.047,5.676,-20.203,93.203,49.55,-124.824,1
2017-03-09 01:40:30.000000000 +0000,34,1489023630786,0.467,-0.798,-0.524,-8.301,-1.831,-5.188,91.982,47.266,-127.017,1
2017-03-09 01:40:28.000000000 +0000,34,1489023627942,0.412,-0.751,-0.481,1.404,1.831,-3.662,94.6,46.739,-129.21,1
2017-03-09 01:40:28.000000000 +0000,34,1489023628144,0.332,-0.731,-0.41,13.367,-4.089,15.442,0.0,0.0,0.0,1
2017-03-09 01:40:28.000000000 +0000,34,1489023628348,0.349,-0.764,-0.465,-7.507,0.671,-10.742,93.029,46.914,-127.354,1
2017-03-09 01:40:28.000000000 +0000,34,1489023628162,0.371,-0.74,-0.429,7.446,-1.77,6.653,94.076,47.617,-127.692,1
2017-03-09 01:40:28.000000000 +0000,34,1489023628365,0.582,-0.885,-0.686,28.259,-3.418,29.846,93.553,50.604,-124.487,1
2017-03-09 01:40:28.000000000 +0000,34,1489023627755,0.416,-0.774,-0.514,-9.827,-2.075,-7.385,93.203,48.496,-125.499,1
2017-03-09 01:40:28.000000000 +0000,34,1489023628568,0.288,-0.754,-0.416,-6.897,2.319,-11.23,0.0,0.0,0.0,1
2017-03-09 01:40:28.000000000 +0000,34,1489023628551,0.452,-0.8,-0.51,-5.859,1.831,-10.193,93.553,49.199,-127.523,1
2017-03-09 01:40:28.000000000 +0000,34,1489023628771,0.354,-0.759,-0.427,-7.568,2.319,-14.038,93.727,49.726,-125.33,1
2017-03-09 01:40:28.000000000 +0000,34,1489023627958,0.46,-0.794,-0.573,2.136,2.686,-2.991,93.029,47.617,-128.029,1
2017-03-09 01:40:27.000000000 +0000,34,1489023626525,0.432,-0.785,-0.51,-5.615,4.15,-14.465,93.029,49.374,-125.668,1
2017-03-09 01:40:27.000000000 +0000,34,1489023625712,0.304,-0.778,-0.428,4.883,-0.977,4.272,93.203,50.604,-123.812,1
2017-03-09 01:40:27.000000000 +0000,34,1489023625508,0.592,-0.919,-0.675,5.127,-1.77,8.362,94.6,48.496,-122.8,1
2017-03-09 01:40:27.000000000 +0000,34,1489023626321,0.437,-0.828,-0.575,-6.409,0.183,-6.836,94.076,49.726,-123.981,1
2017-03-09 01:40:27.000000000 +0000,34,1489023627135,0.382,-0.765,-0.438,-2.563,2.319,-9.338,93.553,49.902,-126.511,1
2017-03-09 01:40:27.000000000 +0000,34,1489023625915,0.359,-0.793,-0.451,-3.479,3.174,-11.536,94.425,49.726,-123.981,1
2017-03-09 01:40:27.000000000 +0000,34,1489023626728,0.368,-0.746,-0.435,4.028,-4.333,9.277,93.378,47.266,-126.342,1
2017-03-09 01:40:27.000000000 +0000,34,1489023626118,0.398,-0.786,-0.444,-8.362,0.549,-7.141,0.0,0.0,0.0,1
2017-03-09 01:40:27.000000000 +0000,34,1489023627356,0.418,-0.749,-0.476,1.892,0.366,-0.671,92.854,46.739,-128.198,1
2017-03-09 01:40:27.000000000 +0000,34,1489023626932,0.327,-0.754,-0.467,4.211,0.244,1.038,93.902,47.793,-126.848,1
2017-03-09 01:40:25.000000000 +0000,34,1489023624310,0.328,-0.755,-0.455,7.446,-0.61,5.615,94.251,47.793,-126.511,1
2017-03-09 01:40:25.000000000 +0000,34,1489023624718,0.419,-0.807,-0.496,-3.113,-2.808,2.38,93.203,49.199,-124.824,1
2017-03-09 01:40:25.000000000 +0000,34,1489023624107,0.398,-0.774,-0.474,-4.395,-1.526,-2.136,0.0,0.0,0.0,1
2017-03-09 01:40:25.000000000 +0000,34,1489023624497,0.565,-0.899,-0.677,15.076,0.977,12.39,92.68,48.32,-125.668,1
2017-03-09 01:40:25.000000000 +0000,34,1489023625125,0.421,-0.785,-0.464,1.526,2.197,-3.357,91.633,48.32,-125.33,1
2017-03-09 01:40:25.000000000 +0000,34,1489023624700,0.371,-0.776,-0.467,-5.493,1.526,-7.263,91.982,47.617,-126.342,1
2017-03-09 01:40:25.000000000 +0000,34,1489023624514,0.5,-0.85,-0.561,-3.357,6.104,-10.315,93.203,48.144,-125.499,1
2017-03-09 01:40:25.000000000 +0000,34,1489023624921,0.381,-0.794,-0.53,-2.014,2.502,-6.897,93.727,48.672,-124.655,1
2017-03-09 01:40:25.000000000 +0000,34,1489023624938,0.451,-0.846,-0.533,-0.122,-2.319,3.723,93.553,50.253,-123.812,1
2017-03-09 01:40:25.000000000 +0000,34,1489023623904,0.436,-0.8,-0.505,-0.916,1.831,-5.005,93.902,49.55,-125.499,1
2017-03-09 01:40:23.000000000 +0000,34,1489023622672,0.425,-0.837,-0.533,-7.385,3.418,-15.869,93.727,50.429,-122.631,1
2017-03-09 01:40:23.000000000 +0000,34,1489023622688,0.397,-0.833,-0.527,16.418,-0.916,17.029,92.156,48.144,-126.511,1
2017-03-09 01:40:23.000000000 +0000,34,1489023623095,0.435,-0.803,-0.485,-5.859,-0.549,-4.883,93.203,49.199,-124.487,1
2017-03-09 01:40:23.000000000 +0000,34,1489023622892,0.345,-0.765,-0.422,-6.226,3.418,-13.977,94.251,50.956,-125.499,1
2017-03-09 01:40:23.000000000 +0000,34,1489023623078,0.399,-0.803,-0.532,-5.798,-1.648,-4.456,0.0,0.0,0.0,1
2017-03-09 01:40:23.000000000 +0000,34,1489023622875,0.39,-0.776,-0.425,-8.545,-2.014,-6.775,93.902,50.253,-124.824,1
2017-03-09 01:40:23.000000000 +0000,34,1489023623908,0.421,-0.829,-0.548,-6.226,2.014,-10.681,93.553,49.902,-125.836,1
2017-03-09 01:40:23.000000000 +0000,34,1489023623298,0.394,-0.798,-0.516,-6.226,-1.221,-4.211,0.0,0.0,0.0,1
2017-03-09 01:40:23.000000000 +0000,34,1489023623281,0.398,-0.786,-0.482,-0.61,3.113,-7.935,93.553,49.55,-126.511,1
2017-03-09 01:40:23.000000000 +0000,34,1489023622485,0.444,-0.803,-0.506,1.099,-2.808,4.7,93.902,47.793,-125.836,1
2017-03-09 01:40:21.000000000 +0000,34,1489023620614,0.328,-0.802,-0.436,12.573,2.991,3.357,0.0,0.0,0.0,1
2017-03-09 01:40:21.000000000 +0000,34,1489023621025,0.48,-0.908,-0.583,7.324,-0.488,8.545,93.029,52.537,-122.294,1
2017-03-09 01:40:21.000000000 +0000,34,1489023622081,0.385,-0.785,-0.507,-10.254,1.221,-13.916,94.251,48.847,-125.499,1
2017-03-09 01:40:21.000000000 +0000,34,1489023621437,0.371,-0.821,-0.444,0.671,2.808,-6.47,94.6,52.01,-123.812,1
2017-03-09 01:40:21.000000000 +0000,34,1489023621052,0.354,-0.761,-0.429,-3.357,1.282,-8.118,0.0,0.0,0.0,1
2017-03-09 01:40:21.000000000 +0000,34,1489023621642,0.347,-0.789,-0.411,-13.977,-2.258,-11.353,94.076,49.374,-124.655,1
2017-03-09 01:40:21.000000000 +0000,34,1489023621231,0.278,-0.794,-0.418,-7.568,2.563,-11.719,93.378,52.186,-121.619,1
2017-03-09 01:40:21.000000000 +0000,34,1489023620410,0.412,-0.871,-0.565,-7.141,-1.831,-4.517,95.996,51.307,-121.788,1
2017-03-09 01:40:21.000000000 +0000,34,1489023621848,0.378,-0.802,-0.502,-8.728,0.61,-10.681,93.553,49.199,-124.487,1
2017-03-09 01:40:21.000000000 +0000,34,1489023620819,0.355,-0.813,-0.396,-6.714,-0.671,-6.287,94.251,50.604,-122.463,1
2017-03-09 01:40:20.000000000 +0000,34,1489023619375,0.701,-1.0,-0.801,29.602,3.235,21.118,0.0,0.0,0.0,1
2017-03-09 01:40:20.000000000 +0000,34,1489023618969,0.377,-0.806,-0.458,-3.479,2.075,-8.423,92.68,50.429,-122.631,1
2017-03-09 01:40:20.000000000 +0000,34,1489023619172,0.298,-0.783,-0.405,8.057,-4.089,12.024,94.425,50.78,-122.969,1
2017-03-09 01:40:20.000000000 +0000,34,1489023619358,0.633,-0.985,-0.709,-2.38,4.822,-14.038,93.378,52.889,-124.318,1
2017-03-09 01:40:20.000000000 +0000,34,1489023619798,0.214,-0.747,-0.36,13.855,-2.38,12.878,0.0,0.0,0.0,1
2017-03-09 01:40:20.000000000 +0000,34,1489023618562,0.314,-0.79,-0.388,-13.184,-0.854,-9.216,93.029,53.24,-120.27,1
2017-03-09 01:40:20.000000000 +0000,34,1489023619155,0.216,-0.764,-0.395,12.39,-5.249,16.602,0.0,0.0,0.0,1
2017-03-09 01:40:20.000000000 +0000,34,1489023619578,0.199,-0.767,-0.322,-23.315,-2.686,-18.616,92.156,53.767,-119.764,1
2017-03-09 01:40:20.000000000 +0000,34,1489023618952,0.419,-0.82,-0.456,-7.568,-2.869,-2.808,93.378,51.834,-123.981,1
2017-03-09 01:40:20.000000000 +0000,34,1489023618765,0.351,-0.82,-0.495,0.671,1.831,-3.174,93.378,51.132,-121.957,1
2017-03-09 01:40:18.000000000 +0000,34,1489023617975,0.31,-0.792,-0.447,-4.639,0.61,-5.554,94.251,49.902,-123.137,1
2017-03-09 01:40:18.000000000 +0000,34,1489023618178,0.359,-0.79,-0.443,-0.183,3.235,-7.446,94.949,50.956,-123.812,1
2017-03-09 01:40:18.000000000 +0000,34,1489023618382,0.376,-0.793,-0.44,-3.967,-2.319,-0.671,93.029,50.429,-125.33,1
2017-03-09 01:40:18.000000000 +0000,34,1489023617958,0.376,-0.802,-0.522,-1.77,1.587,-6.287,93.029,50.077,-125.33,1
2017-03-09 01:40:18.000000000 +0000,34,1489023617365,0.209,-0.721,-0.302,18.677,-7.69,25.635,95.472,50.077,-124.993,1
2017-03-09 01:40:18.000000000 +0000,34,1489023617551,0.456,-0.853,-0.496,-12.695,0.183,-15.686,93.727,50.429,-123.643,1
2017-03-09 01:40:18.000000000 +0000,34,1489023617754,0.428,-0.828,-0.519,-13.0,-1.892,-9.827,95.472,51.483,-123.306,1
2017-03-09 01:40:18.000000000 +0000,34,1489023617568,0.543,-1.058,-0.668,-11.719,7.996,-20.081,0.0,0.0,0.0,1
2017-03-09 01:40:18.000000000 +0000,34,1489023617162,0.407,-0.789,-0.461,1.465,2.258,-4.395,93.727,50.077,-125.668,1
2017-03-09 01:40:18.000000000 +0000,34,1489023617771,0.373,-0.819,-0.43,-4.7,-0.488,-2.075,93.902,54.47,-120.776,1
2017-03-09 01:40:16.000000000 +0000,34,1489023616080,0.323,-0.768,-0.443,-13.916,0.488,-15.076,93.727,50.78,-124.655,1
2017-03-09 01:40:16.000000000 +0000,34,1489023616518,0.407,-0.782,-0.458,-0.793,0.671,-3.113,93.902,49.199,-124.149,1
2017-03-09 01:40:16.000000000 +0000,34,1489023616312,0.366,-0.79,-0.487,-2.502,3.174,-8.972,94.076,49.374,-124.655,1
2017-03-09 01:40:16.000000000 +0000,34,1489023615902,0.581,-0.897,-0.633,5.676,0.0,2.563,93.029,51.132,-123.643,1
2017-03-09 01:40:16.000000000 +0000,34,1489023616285,0.405,-0.78,-0.479,1.648,1.892,-3.052,93.902,48.496,-124.824,1
2017-03-09 01:40:16.000000000 +0000,34,1489023616107,0.344,-0.781,-0.453,-8.85,-0.916,-5.981,0.0,0.0,0.0,1
2017-03-09 01:40:16.000000000 +0000,34,1489023616724,0.35,-0.763,-0.449,0.0,-3.479,3.235,93.553,49.199,-126.511,1
2017-03-09 01:40:16.000000000 +0000,34,1489023616929,0.522,-0.908,-0.639,30.884,2.563,28.198,93.203,48.144,-126.848,1
2017-03-09 01:40:16.000000000 +0000,34,1489023615697,0.353,-0.782,-0.47,7.446,-0.183,4.822,93.553,47.09,-126.511,1
2017-03-09 01:40:16.000000000 +0000,34,1489023616491,0.41,-0.791,-0.494,-2.747,-1.465,-0.793,93.029,48.32,-125.668,1
2017-03-09 01:40:15.000000000 +0000,34,1489023614292,0.362,-0.783,-0.481,-7.202,-2.014,-4.883,0.0,0.0,0.0,1
2017-03-09 01:40:15.000000000 +0000,34,1489023614496,0.384,-0.784,-0.496,0.977,3.052,-7.08,94.251,47.442,-126.511,1
2017-03-09 01:40:15.000000000 +0000,34,1489023614106,0.313,-0.751,-0.434,14.648,1.038,8.179,94.251,48.144,-124.149,1
2017-03-09 01:40:15.000000000 +0000,34,1489023614699,0.448,-0.795,-0.484,0.305,0.244,-1.038,94.076,48.32,-124.993,1
2017-03-09 01:40:15.000000000 +0000,34,1489023614513,0.425,-0.794,-0.513,-11.597,-1.709,-7.996,92.505,48.847,-127.186,1
2017-03-09 01:40:15.000000000 +0000,34,1489023615326,0.35,-0.791,-0.476,-19.043,2.869,-25.391,93.378,49.726,-122.969,1
2017-03-09 01:40:15.000000000 +0000,34,1489023614716,0.396,-0.781,-0.512,1.16,0.61,-2.502,0.0,0.0,0.0,1
2017-03-09 01:40:15.000000000 +0000,34,1489023614310,0.398,-0.783,-0.433,-9.399,1.465,-12.878,91.982,49.726,-124.318,1
2017-03-09 01:40:15.000000000 +0000,34,1489023614090,0.513,-0.856,-0.561,-6.958,-0.244,-7.935,94.6,49.199,-124.487,1
2017-03-09 01:40:15.000000000 +0000,34,1489023614903,0.374,-0.78,-0.487,-2.869,-2.747,0.793,94.251,47.793,-126.174,1
2017-03-09 01:40:13.000000000 +0000,34,1489023612481,0.429,-0.853,-0.564,-16.052,4.211,-25.94,93.378,49.023,-126.005,1
2017-03-09 01:40:13.000000000 +0000,34,1489023613515,0.482,-0.838,-0.562,-2.808,-1.038,-0.61,93.727,48.32,-125.33,1
2017-03-09 01:40:13.000000000 +0000,34,1489023612888,0.412,-0.798,-0.529,-10.376,-2.441,-6.348,94.251,49.199,-126.511,1
2017-03-09 01:40:13.000000000 +0000,34,1489023612905,0.358,-0.76,-0.442,-9.705,-2.747,-5.493,93.727,49.374,-124.655,1
2017-03-09 01:40:13.000000000 +0000,34,1489023613499,0.335,-0.78,-0.458,-17.212,-0.366,-17.334,94.076,48.32,-124.993,1
2017-03-09 01:40:13.000000000 +0000,34,1489023613092,0.419,-0.789,-0.524,2.991,2.991,-3.418,93.378,47.969,-125.668,1
2017-03-09 01:40:13.000000000 +0000,34,1489023612685,0.394,-0.763,-0.405,-9.094,-0.793,-8.728,94.076,48.672,-122.631,1
2017-03-09 01:40:13.000000000 +0000,34,1489023613108,0.363,-0.771,-0.483,2.38,1.587,-2.319,93.378,47.969,-126.005,1
2017-03-09 01:40:13.000000000 +0000,34,1489023613295,0.365,-0.772,-0.425,25.452,-0.366,24.719,93.727,48.32,-126.005,1
2017-03-09 01:40:13.000000000 +0000,34,1489023612701,0.504,-0.853,-0.58,4.028,2.93,-2.686,0.0,0.0,0.0,1
2017-03-09 01:40:11.000000000 +0000,34,1489023610212,0.385,-0.77,-0.502,-2.93,-0.977,-3.357,94.076,46.914,-127.692,1
2017-03-09 01:40:11.000000000 +0000,34,1489023611238,0.404,-0.768,-0.45,-1.099,-2.075,0.854,0.0,0.0,0.0,1
2017-03-09 01:40:11.000000000 +0000,34,1489023611034,0.453,-0.829,-0.547,-2.502,3.235,-11.353,93.378,47.617,-124.993,1
2017-03-09 01:40:11.000000000 +0000,34,1489023610829,0.359,-0.789,-0.498,-8.911,-0.427,-6.653,93.553,50.253,-124.149,1
2017-03-09 01:40:11.000000000 +0000,34,1489023610418,0.349,-0.745,-0.438,8.179,0.244,3.845,93.727,47.617,-127.017,1
2017-03-09 01:40:11.000000000 +0000,34,1489023611006,0.374,-0.751,-0.432,-10.681,-0.305,-10.132,93.029,49.726,-124.655,1
2017-03-09 01:40:11.000000000 +0000,34,1489023610623,0.663,-0.894,-0.717,11.292,-3.601,12.146,93.727,48.672,-124.993,1
2017-03-09 01:40:11.000000000 +0000,34,1489023611882,0.4,-0.781,-0.465,-11.414,2.991,-17.517,93.203,50.604,-124.824,1
2017-03-09 01:40:11.000000000 +0000,34,1489023610803,0.447,-0.821,-0.546,4.578,3.296,-3.113,93.203,48.144,-125.499,1
2017-03-09 01:40:11.000000000 +0000,34,1489023611444,0.309,-0.759,-0.445,10.742,-3.906,13.733,94.425,48.32,-127.354,1
2017-03-09 01:40:09.000000000 +0000,34,1489023609604,0.485,-0.786,-0.584,22.095,-0.122,21.362,92.854,46.036,-129.885,1
2017-03-09 01:40:09.000000000 +0000,34,1489023609401,0.405,-0.716,-0.5,5.554,-0.488,4.211,91.807,41.819,-131.909,1
2017-03-09 01:40:09.000000000 +0000,34,1489023608808,0.319,-0.7,-0.417,-7.935,0.366,-9.705,94.774,46.563,-128.704,1
2017-03-09 01:40:09.000000000 +0000,34,1489023609214,0.444,-0.729,-0.536,-10.315,-0.305,-10.62,0.0,0.0,0.0,1
2017-03-09 01:40:09.000000000 +0000,34,1489023609197,0.459,-0.737,-0.557,-1.892,-0.244,-2.625,92.854,44.63,-130.222,1
2017-03-09 01:40:09.000000000 +0000,34,1489023609621,0.354,-0.747,-0.44,25.574,-2.38,23.682,92.331,46.914,-129.379,1
2017-03-09 01:40:09.000000000 +0000,34,1489023609011,0.37,-0.708,-0.464,-7.202,0.793,-10.986,92.156,46.036,-129.21,1
2017-03-09 01:40:09.000000000 +0000,34,1489023609418,0.434,-0.743,-0.535,5.615,-1.099,3.906,92.331,43.752,-129.379,1
2017-03-09 01:40:09.000000000 +0000,34,1489023608994,0.457,-0.745,-0.543,-2.258,2.075,-6.287,92.505,44.63,-128.873,1
2017-03-09 01:40:09.000000000 +0000,34,1489023610232,0.367,-0.749,-0.49,-6.409,-1.038,-6.714,93.727,45.86,-127.692,1
2017-03-09 01:40:08.000000000 +0000,34,1489023607581,0.433,-0.729,-0.571,0.061,0.305,-2.319,91.982,43.4,-131.74,1
2017-03-09 01:40:08.000000000 +0000,34,1489023608174,0.431,-0.711,-0.513,0.732,5.737,-9.399,93.553,44.63,-130.897,1
2017-03-09 01:40:08.000000000 +0000,34,1489023607767,0.542,-0.778,-0.579,30.151,3.174,26.672,0.0,0.0,0.0,1
2017-03-09 01:40:08.000000000 +0000,34,1489023607785,0.453,-0.724,-0.515,6.409,2.075,0.305,91.807,42.873,-130.222,1
2017-03-09 01:40:08.000000000 +0000,34,1489023607970,0.333,-0.71,-0.471,-22.034,-2.625,-18.066,94.076,46.563,-129.716,1
2017-03-09 01:40:08.000000000 +0000,34,1489023607361,0.434,-0.708,-0.528,-7.69,-4.944,-1.282,92.854,42.522,-130.222,1
2017-03-09 01:40:08.000000000 +0000,34,1489023607564,0.405,-0.708,-0.536,4.395,2.991,-2.014,93.029,42.697,-131.403,1
2017-03-09 01:40:08.000000000 +0000,34,1489023608394,0.461,-0.736,-0.556,-1.892,7.385,-14.343,93.727,45.509,-130.053,1
2017-03-09 01:40:08.000000000 +0000,34,1489023607377,0.513,-0.746,-0.554,-7.08,-3.113,-2.686,92.68,43.4,-130.728,1
2017-03-09 01:40:08.000000000 +0000,34,1489023607157,0.478,-0.721,-0.521,1.404,2.869,-5.92,93.029,43.4,-130.391,1
2017-03-09 01:40:06.000000000 +0000,34,1489023605288,0.502,-0.709,-0.618,9.766,8.728,-3.845,0.0,0.0,0.0,1
2017-03-09 01:40:06.000000000 +0000,34,1489023605494,0.561,-0.705,-0.584,-4.028,-2.563,-0.732,93.029,41.292,-134.102,1
2017-03-09 01:40:06.000000000 +0000,34,1489023605086,0.387,-0.635,-0.491,-10.498,-5.981,-2.869,91.109,42.17,-133.258,1
2017-03-09 01:40:06.000000000 +0000,34,1489023606726,0.448,-0.691,-0.558,-2.747,0.488,-5.432,0.0,0.0,0.0,1
2017-03-09 01:40:06.000000000 +0000,34,1489023606549,0.425,-0.712,-0.524,-3.418,-2.625,-0.916,92.331,43.049,-131.065,1
2017-03-09 01:40:06.000000000 +0000,34,1489023605905,0.458,-0.755,-0.551,47.607,6.226,36.499,92.331,40.94,-133.427,1
2017-03-09 01:40:06.000000000 +0000,34,1489023606111,0.373,-0.703,-0.471,-21.301,-2.075,-18.799,93.553,45.333,-130.222,1
2017-03-09 01:40:06.000000000 +0000,34,1489023606522,0.443,-0.682,-0.526,-7.385,-2.991,-6.042,92.505,42.17,-132.246,1
2017-03-09 01:40:06.000000000 +0000,34,1489023606316,0.428,-0.686,-0.506,-3.601,2.991,-8.606,91.284,42.346,-131.065,1
2017-03-09 01:40:06.000000000 +0000,34,1489023605699,0.407,-0.666,-0.547,1.221,-3.906,4.7,91.807,42.17,-133.933,1
2017-03-09 01:40:04.000000000 +0000,34,1489023604265,0.445,-0.669,-0.518,-4.15,0.61,-6.958,0.0,0.0,0.0,1
2017-03-09 01:40:04.000000000 +0000,34,1489023603876,0.526,-0.734,-0.599,-2.075,2.686,-8.545,93.902,42.17,-131.571,1
2017-03-09 01:40:04.000000000 +0000,34,1489023604283,0.453,-0.706,-0.579,-2.441,0.122,-4.456,91.633,41.643,-133.427,1
2017-03-09 01:40:04.000000000 +0000,34,1489023604485,0.489,-0.692,-0.548,-4.456,3.235,-10.437,0.0,0.0,0.0,1
2017-03-09 01:40:04.000000000 +0000,34,1489023604079,0.464,-0.688,-0.527,-5.554,-3.113,-1.648,93.029,41.643,-134.102,1
2017-03-09 01:40:04.000000000 +0000,34,1489023603859,0.442,-0.68,-0.508,-2.991,-2.197,-1.648,93.378,42.346,-133.427,1
2017-03-09 01:40:04.000000000 +0000,34,1489023603672,0.415,-0.688,-0.526,12.329,-1.16,10.193,90.585,41.995,-134.439,1
2017-03-09 01:40:04.000000000 +0000,34,1489023604503,0.48,-0.708,-0.646,1.343,1.892,-2.747,91.458,40.062,-134.27,1
2017-03-09 01:40:04.000000000 +0000,34,1489023603468,0.464,-0.679,-0.546,-4.211,-2.075,-3.052,92.331,41.292,-133.427,1
2017-03-09 01:40:04.000000000 +0000,34,1489023604062,0.432,-0.676,-0.537,-1.221,0.854,-3.845,91.109,43.225,-134.27,1
2017-03-09 01:40:03.000000000 +0000,34,1489023603256,0.474,-0.697,-0.562,-5.066,-3.479,-1.343,92.331,40.238,-133.427,1
2017-03-09 01:40:03.000000000 +0000,34,1489023602629,0.514,-0.73,-0.65,1.709,-0.427,-0.427,91.633,40.238,-134.102,1
2017-03-09 01:40:03.000000000 +0000,34,1489023602832,0.496,-0.688,-0.562,-2.502,3.174,-7.996,92.505,40.413,-133.596,1
2017-03-09 01:40:03.000000000 +0000,34,1489023602425,0.468,-0.678,-0.508,-7.385,-3.357,-3.479,92.505,41.467,-132.246,1
2017-03-09 01:40:03.000000000 +0000,34,1489023602036,0.519,-0.693,-0.58,-0.793,-2.625,1.343,92.505,40.765,-134.608,1
2017-03-09 01:40:03.000000000 +0000,34,1489023602222,0.583,-0.797,-0.689,-21.118,4.822,-26.123,93.727,41.995,-132.077,1
2017-03-09 01:40:03.000000000 +0000,34,1489023602018,0.357,-0.659,-0.437,17.029,-4.028,17.7,91.807,39.008,-135.282,1
2017-03-09 01:40:03.000000000 +0000,34,1489023602645,0.428,-0.669,-0.504,-13.123,-2.38,-10.925,92.854,41.116,-131.571,1
2017-03-09 01:40:03.000000000 +0000,34,1489023602238,0.462,-0.688,-0.578,0.366,-0.366,-0.854,0.0,0.0,0.0,1
2017-03-09 01:40:03.000000000 +0000,34,1489023602442,0.51,-0.719,-0.578,18.188,1.404,14.221,91.458,39.71,-133.933,1
2017-03-09 01:40:01.000000000 +0000,34,1489023600791,0.494,-0.657,-0.559,0.366,2.197,-4.272,0.0,0.0,0.0,1
2017-03-09 01:40:01.000000000 +0000,34,1489023599976,0.488,-0.683,-0.591,-2.808,-0.916,-2.136,90.934,40.589,-133.764,1
2017-03-09 01:40:01.000000000 +0000,34,1489023600366,0.412,-0.663,-0.504,13.489,-1.465,11.23,91.633,39.886,-134.776,1
2017-03-09 01:40:01.000000000 +0000,34,1489023600587,0.503,-0.673,-0.61,0.916,0.488,-1.038,91.633,39.183,-134.439,1
2017-03-09 01:40:01.000000000 +0000,34,1489023600383,0.501,-0.663,-0.562,-3.967,-1.404,-3.052,91.109,39.359,-134.608,1
2017-03-09 01:40:01.000000000 +0000,34,1489023600163,0.511,-0.666,-0.588,2.808,-1.404,1.77,91.807,39.008,-135.62,1
2017-03-09 01:40:01.000000000 +0000,34,1489023599569,0.488,-0.698,-0.575,-6.592,1.831,-10.193,0.0,0.0,0.0,1
2017-03-09 01:40:01.000000000 +0000,34,1489023600179,0.495,-0.674,-0.582,-4.028,2.441,-8.728,92.854,38.656,-134.945,1
2017-03-09 01:40:01.000000000 +0000,34,1489023599773,0.491,-0.678,-0.551,-2.075,-0.671,-2.747,90.934,39.535,-133.427,1
2017-03-09 01:40:01.000000000 +0000,34,1489023601434,0.597,-0.764,-0.712,27.222,2.319,27.466,0.0,0.0,0.0,1
2017-03-09 01:39:59.000000000 +0000,34,1489023590944,0.531,-0.62,-0.608,-0.732,-0.183,-2.136,0.0,0.0,0.0,1
2017-03-09 01:39:59.000000000 +0000,34,1489023591149,0.524,-0.62,-0.606,-0.793,-0.549,-1.892,89.713,35.845,-137.644,1
2017-03-09 01:39:59.000000000 +0000,34,1489023591122,0.524,-0.62,-0.612,0.0,0.977,-2.747,90.411,36.899,-138.993,1
2017-03-09 01:39:59.000000000 +0000,34,1489023590740,0.531,-0.613,-0.61,-0.671,0.305,-2.319,90.236,34.966,-137.813,1
2017-03-09 01:39:59.000000000 +0000,34,1489023590505,0.529,-0.617,-0.602,-0.061,0.977,-2.991,91.284,36.372,-138.15,1
2017-03-09 01:39:59.000000000 +0000,34,1489023591328,0.527,-0.619,-0.603,-0.061,0.671,-2.625,90.585,34.615,-136.126,1
2017-03-09 01:39:59.000000000 +0000,34,1489023591534,0.534,-0.613,-0.604,-0.916,-0.549,-1.77,91.284,36.723,-137.138,1
2017-03-09 01:39:59.000000000 +0000,34,1489023590917,0.524,-0.617,-0.609,-0.854,-0.61,-1.709,89.364,36.548,-136.632,1
2017-03-09 01:39:59.000000000 +0000,34,1489023590711,0.532,-0.617,-0.601,-0.854,-0.549,-1.77,90.236,34.263,-137.475,1
2017-03-09 01:39:59.000000000 +0000,34,1489023599558,0.481,-0.678,-0.578,-5.737,1.343,-8.911,91.982,38.129,-134.776,1
2017-03-09 01:39:49.000000000 +0000,34,1489023589929,0.532,-0.614,-0.607,-0.793,-0.671,-1.892,0.0,0.0,0.0,0
2017-03-09 01:39:49.000000000 +0000,34,1489023588670,0.546,-0.604,-0.614,-0.854,1.221,-1.099,90.236,36.372,-137.138,0
2017-03-09 01:39:49.000000000 +0000,34,1489023587245,0.519,-0.623,-0.606,-0.488,0.916,-2.563,90.411,36.196,-138.993,0
2017-03-09 01:39:49.000000000 +0000,34,1489023587653,0.522,-0.615,-0.609,-1.343,-1.465,-1.221,90.76,35.493,-137.644,0
2017-03-09 01:39:49.000000000 +0000,34,1489023588874,0.515,-0.611,-0.61,-2.075,-2.686,0.244,89.713,35.845,-139.331,0
2017-03-09 01:39:49.000000000 +0000,34,1489023587857,0.525,-0.616,-0.615,-0.427,1.038,-3.052,89.364,35.845,-136.295,0
2017-03-09 01:39:49.000000000 +0000,34,1489023588059,0.536,-0.621,-0.609,-0.671,-0.061,-1.526,0.0,0.0,0.0,0
2017-03-09 01:39:49.000000000 +0000,34,1489023588263,0.513,-0.621,-0.597,-1.099,-0.549,-1.648,90.236,36.723,-136.463,0
2017-03-09 01:39:49.000000000 +0000,34,1489023587449,0.534,-0.623,-0.604,-1.16,-1.343,-1.221,90.76,35.493,-137.307,0
2017-03-09 01:39:49.000000000 +0000,34,1489023588467,0.501,-0.618,-0.603,1.831,2.686,-4.333,89.887,34.966,-137.813,0
